dataset,framework,arch,n_trees,max_depth,horizon,disable_precompute,disable_unsplit,disable_monotonic,disable_tree_ordering,disable_prefix_grouping,disable_bitset_intern,n_obs,iters,median_us,p5_us,p95_us
expedia,lightgbm,arm,1000,16,,0,0,0,0,0,0,10000,11,1162.588000,1083.994000,1260.278000
expedia,lightgbm,arm,1000,16,,1,0,0,0,0,0,10000,11,1155.856000,1098.584000,1261.615000
expedia,lightgbm,arm,1000,16,,0,1,0,0,0,0,10000,11,1145.265000,1077.291000,1259.808000
expedia,lightgbm,arm,1000,16,,1,1,0,0,0,0,10000,11,1169.325000,1086.966000,1260.180000
expedia,lightgbm,arm,1000,16,,0,0,1,0,0,0,10000,11,1190.282000,1096.785000,1272.942000
expedia,lightgbm,arm,1000,16,,1,0,1,0,0,0,10000,11,1181.498000,1095.535000,1269.747000
expedia,lightgbm,arm,1000,16,,0,1,1,0,0,0,10000,11,1165.437000,1099.034000,1198.114000
expedia,lightgbm,arm,1000,16,,1,1,1,0,0,0,10000,11,1169.807000,1088.481000,1266.225000
expedia,lightgbm,arm,1000,16,,0,0,0,0,0,1,10000,11,1217.595000,1161.631000,1243.255000
expedia,lightgbm,arm,1000,16,,0,0,0,0,1,0,10000,11,1200.818000,1175.850000,1256.043000
expedia,lightgbm,arm,1000,16,,0,0,0,0,1,1,10000,11,1151.991000,1134.776000,1199.850000
expedia,lightgbm,arm,1000,16,,0,0,0,1,0,0,10000,11,1260.702000,1230.155000,1287.028000
expedia,lightgbm,arm,1000,16,,0,0,0,1,0,1,10000,11,1200.664000,1178.371000,1212.320000
expedia,lightgbm,arm,1000,16,,0,0,0,1,1,0,10000,20,1246.189000,1167.091000,1278.936000
expedia,lightgbm,arm,1000,16,,0,0,0,1,1,1,10000,21,1230.708000,1201.286000,1330.450000
expedia,xgboost,arm,1000,16,,0,0,0,0,0,0,10000,11,1013.738000,935.057000,1058.203000
expedia,xgboost,arm,1000,16,,1,0,0,0,0,0,10000,11,1019.702000,937.640000,1054.838000
expedia,xgboost,arm,1000,16,,0,1,0,0,0,0,10000,11,1004.689000,953.595000,1028.218000
expedia,xgboost,arm,1000,16,,1,1,0,0,0,0,10000,11,994.520000,956.896000,1034.445000
expedia,xgboost,arm,1000,16,,0,0,1,0,0,0,10000,11,999.086000,932.891000,1037.378000
expedia,xgboost,arm,1000,16,,1,0,1,0,0,0,10000,11,1009.497000,947.385000,1062.911000
expedia,xgboost,arm,1000,16,,0,1,1,0,0,0,10000,11,998.512000,947.453000,1057.085000
expedia,xgboost,arm,1000,16,,1,1,1,0,0,0,10000,11,1029.699000,962.481000,1103.117000
expedia,xgboost,arm,1000,16,,0,0,0,0,0,1,10000,21,1093.236000,988.138000,1180.097000
expedia,xgboost,arm,1000,16,,0,0,0,0,1,0,10000,11,1039.899000,1015.761000,1081.323000
expedia,xgboost,arm,1000,16,,0,0,0,0,1,1,10000,11,1008.461000,982.561000,1040.170000
expedia,xgboost,arm,1000,16,,0,0,0,1,0,0,10000,11,1046.681000,1027.843000,1084.224000
expedia,xgboost,arm,1000,16,,0,0,0,1,0,1,10000,11,1016.659000,999.101000,1052.051000
expedia,xgboost,arm,1000,16,,0,0,0,1,1,0,10000,11,1035.388000,1000.517000,1081.919000
expedia,xgboost,arm,1000,16,,0,0,0,1,1,1,10000,11,1061.232000,1027.513000,1113.133000
expedia,lightgbm,arm,500,4,,0,0,0,0,0,0,10000,11,47.824000,47.667000,48.520000
expedia,lightgbm,arm,500,4,,1,0,0,0,0,0,10000,11,47.716000,47.430000,48.592000
expedia,lightgbm,arm,500,4,,0,1,0,0,0,0,10000,11,47.791000,47.439000,48.412000
expedia,lightgbm,arm,500,4,,1,1,0,0,0,0,10000,11,47.838000,47.416000,48.395000
expedia,lightgbm,arm,500,4,,0,0,1,0,0,0,10000,11,47.853000,47.419000,48.422000
expedia,lightgbm,arm,500,4,,1,0,1,0,0,0,10000,11,47.812000,47.560000,48.492000
expedia,lightgbm,arm,500,4,,0,1,1,0,0,0,10000,11,47.876000,47.404000,48.425000
expedia,lightgbm,arm,500,4,,1,1,1,0,0,0,10000,11,47.768000,47.470000,48.569000
expedia,lightgbm,arm,500,4,,0,0,0,0,0,1,10000,11,47.993000,47.557000,48.465000
expedia,lightgbm,arm,500,4,,0,0,0,0,1,0,10000,11,47.723000,47.369000,48.282000
expedia,lightgbm,arm,500,4,,0,0,0,0,1,1,10000,11,47.747000,47.393000,48.245000
expedia,lightgbm,arm,500,4,,0,0,0,1,0,0,10000,11,49.270000,49.162000,50.015000
expedia,lightgbm,arm,500,4,,0,0,0,1,0,1,10000,11,49.468000,49.058000,49.958000
expedia,lightgbm,arm,500,4,,0,0,0,1,1,0,10000,11,49.783000,49.343000,50.340000
expedia,lightgbm,arm,500,4,,0,0,0,1,1,1,10000,11,49.811000,49.337000,50.521000
expedia,xgboost,arm,500,4,,0,0,0,0,0,0,10000,11,50.969000,50.617000,51.704000
expedia,xgboost,arm,500,4,,1,0,0,0,0,0,10000,11,51.068000,50.362000,51.749000
expedia,xgboost,arm,500,4,,0,1,0,0,0,0,10000,11,51.020000,50.603000,51.723000
expedia,xgboost,arm,500,4,,1,1,0,0,0,0,10000,11,50.984000,50.518000,51.721000
expedia,xgboost,arm,500,4,,0,0,1,0,0,0,10000,11,50.964000,50.376000,51.661000
expedia,xgboost,arm,500,4,,1,0,1,0,0,0,10000,11,51.067000,50.577000,51.790000
expedia,xgboost,arm,500,4,,0,1,1,0,0,0,10000,11,50.931000,50.456000,51.731000
expedia,xgboost,arm,500,4,,1,1,1,0,0,0,10000,11,50.954000,50.543000,51.713000
expedia,xgboost,arm,500,4,,0,0,0,0,0,1,10000,11,50.937000,50.529000,51.770000
expedia,xgboost,arm,500,4,,0,0,0,0,1,0,10000,11,50.673000,50.358000,51.766000
expedia,xgboost,arm,500,4,,0,0,0,0,1,1,10000,11,50.693000,50.538000,51.400000
expedia,xgboost,arm,500,4,,0,0,0,1,0,0,10000,11,52.455000,52.052000,53.341000
expedia,xgboost,arm,500,4,,0,0,0,1,0,1,10000,11,52.540000,51.902000,53.413000
expedia,xgboost,arm,500,4,,0,0,0,1,1,0,10000,11,52.791000,52.153000,53.747000
expedia,xgboost,arm,500,4,,0,0,0,1,1,1,10000,11,52.794000,52.290000,53.657000
expedia,lightgbm,arm,500,8,,0,0,0,0,0,0,10000,11,110.421000,109.275000,111.689000
expedia,lightgbm,arm,500,8,,1,0,0,0,0,0,10000,11,110.392000,109.034000,111.444000
expedia,lightgbm,arm,500,8,,0,1,0,0,0,0,10000,11,110.225000,109.396000,111.471000
expedia,lightgbm,arm,500,8,,1,1,0,0,0,0,10000,11,110.410000,109.426000,111.847000
expedia,lightgbm,arm,500,8,,0,0,1,0,0,0,10000,11,110.480000,109.649000,111.808000
expedia,lightgbm,arm,500,8,,1,0,1,0,0,0,10000,11,110.287000,109.201000,111.620000
expedia,lightgbm,arm,500,8,,0,1,1,0,0,0,10000,11,110.584000,109.115000,112.048000
expedia,lightgbm,arm,500,8,,1,1,1,0,0,0,10000,11,110.284000,109.228000,112.029000
expedia,lightgbm,arm,500,8,,0,0,0,0,0,1,10000,11,110.183000,109.104000,111.705000
expedia,lightgbm,arm,500,8,,0,0,0,0,1,0,10000,11,110.332000,109.237000,111.902000
expedia,lightgbm,arm,500,8,,0,0,0,0,1,1,10000,11,110.579000,109.351000,112.197000
expedia,lightgbm,arm,500,8,,0,0,0,1,0,0,10000,11,111.279000,109.565000,112.595000
expedia,lightgbm,arm,500,8,,0,0,0,1,0,1,10000,11,110.988000,109.972000,112.362000
expedia,lightgbm,arm,500,8,,0,0,0,1,1,0,10000,11,111.666000,110.628000,112.814000
expedia,lightgbm,arm,500,8,,0,0,0,1,1,1,10000,11,111.608000,110.637000,113.027000
expedia,xgboost,arm,500,8,,0,0,0,0,0,0,10000,11,122.130000,121.022000,124.140000
expedia,xgboost,arm,500,8,,1,0,0,0,0,0,10000,11,121.813000,120.924000,123.748000
expedia,xgboost,arm,500,8,,0,1,0,0,0,0,10000,11,121.996000,121.025000,123.642000
expedia,xgboost,arm,500,8,,1,1,0,0,0,0,10000,11,121.937000,120.923000,123.927000
expedia,xgboost,arm,500,8,,0,0,1,0,0,0,10000,11,121.885000,120.840000,123.610000
expedia,xgboost,arm,500,8,,1,0,1,0,0,0,10000,11,122.165000,120.674000,123.568000
expedia,xgboost,arm,500,8,,0,1,1,0,0,0,10000,11,122.075000,121.307000,123.205000
expedia,xgboost,arm,500,8,,1,1,1,0,0,0,10000,11,122.248000,121.074000,123.142000
expedia,xgboost,arm,500,8,,0,0,0,0,0,1,10000,11,122.204000,120.933000,123.251000
expedia,xgboost,arm,500,8,,0,0,0,0,1,0,10000,11,122.724000,122.049000,124.436000
expedia,xgboost,arm,500,8,,0,0,0,0,1,1,10000,11,123.137000,121.992000,124.611000
expedia,xgboost,arm,500,8,,0,0,0,1,0,0,10000,11,124.445000,122.447000,126.008000
expedia,xgboost,arm,500,8,,0,0,0,1,0,1,10000,11,124.695000,123.812000,126.045000
expedia,xgboost,arm,500,8,,0,0,0,1,1,0,10000,11,125.150000,124.177000,126.844000
expedia,xgboost,arm,500,8,,0,0,0,1,1,1,10000,11,125.447000,124.664000,127.142000
expedia,lightgbm,arm,50,4,,0,0,0,0,0,0,10000,11,9.854000,9.665000,9.940000
expedia,lightgbm,arm,50,4,,1,0,0,0,0,0,10000,11,9.816000,9.665000,9.987000
expedia,lightgbm,arm,50,4,,0,1,0,0,0,0,10000,11,9.820000,9.672000,9.997000
expedia,lightgbm,arm,50,4,,1,1,0,0,0,0,10000,11,9.800000,9.658000,10.007000
expedia,lightgbm,arm,50,4,,0,0,1,0,0,0,10000,11,9.823000,9.628000,9.955000
expedia,lightgbm,arm,50,4,,1,0,1,0,0,0,10000,11,9.829000,9.622000,9.995000
expedia,lightgbm,arm,50,4,,0,1,1,0,0,0,10000,11,9.828000,9.592000,9.939000
expedia,lightgbm,arm,50,4,,1,1,1,0,0,0,10000,11,9.783000,9.647000,9.941000
expedia,lightgbm,arm,50,4,,0,0,0,0,0,1,10000,11,9.897000,9.647000,9.956000
expedia,lightgbm,arm,50,4,,0,0,0,0,1,0,10000,11,9.893000,9.718000,10.065000
expedia,lightgbm,arm,50,4,,0,0,0,0,1,1,10000,11,9.915000,9.701000,10.057000
expedia,lightgbm,arm,50,4,,0,0,0,1,0,0,10000,11,9.849000,9.691000,10.029000
expedia,lightgbm,arm,50,4,,0,0,0,1,0,1,10000,11,9.864000,9.687000,9.966000
expedia,lightgbm,arm,50,4,,0,0,0,1,1,0,10000,11,9.879000,9.675000,10.004000
expedia,lightgbm,arm,50,4,,0,0,0,1,1,1,10000,11,9.860000,9.688000,10.038000
expedia,xgboost,arm,50,4,,0,0,0,0,0,0,10000,11,10.748000,10.596000,10.897000
expedia,xgboost,arm,50,4,,1,0,0,0,0,0,10000,11,10.775000,10.576000,11.035000
expedia,xgboost,arm,50,4,,0,1,0,0,0,0,10000,11,10.747000,10.518000,11.011000
expedia,xgboost,arm,50,4,,1,1,0,0,0,0,10000,11,10.709000,10.479000,10.923000
expedia,xgboost,arm,50,4,,0,0,1,0,0,0,10000,11,10.727000,10.528000,10.935000
expedia,xgboost,arm,50,4,,1,0,1,0,0,0,10000,11,10.743000,10.479000,10.921000
expedia,xgboost,arm,50,4,,0,1,1,0,0,0,10000,11,10.732000,10.465000,10.980000
expedia,xgboost,arm,50,4,,1,1,1,0,0,0,10000,11,10.757000,10.548000,10.911000
expedia,xgboost,arm,50,4,,0,0,0,0,0,1,10000,11,10.886000,10.648000,10.962000
expedia,xgboost,arm,50,4,,0,0,0,0,1,0,10000,11,10.915000,10.649000,11.026000
expedia,xgboost,arm,50,4,,0,0,0,0,1,1,10000,11,10.869000,10.662000,11.024000
expedia,xgboost,arm,50,4,,0,0,0,1,0,0,10000,11,10.896000,10.644000,11.000000
expedia,xgboost,arm,50,4,,0,0,0,1,0,1,10000,11,10.848000,10.664000,11.042000
expedia,xgboost,arm,50,4,,0,0,0,1,1,0,10000,11,10.911000,10.598000,10.998000
expedia,xgboost,arm,50,4,,0,0,0,1,1,1,10000,11,10.857000,10.577000,11.034000
flchain,lightgbm,arm,1000,16,32,0,0,0,0,0,0,1304,21,389.915000,358.213000,414.571000
flchain,lightgbm,arm,1000,16,32,1,0,0,0,0,0,1304,21,388.374000,360.425000,416.212000
flchain,lightgbm,arm,1000,16,32,0,1,0,0,0,0,1304,21,385.841000,356.493000,421.222000
flchain,lightgbm,arm,1000,16,32,1,1,0,0,0,0,1304,21,390.850000,361.605000,419.009000
flchain,lightgbm,arm,1000,16,32,0,0,1,0,0,0,1304,21,392.543000,360.954000,416.626000
flchain,lightgbm,arm,1000,16,32,1,0,1,0,0,0,1304,21,390.087000,358.661000,415.920000
flchain,lightgbm,arm,1000,16,32,0,1,1,0,0,0,1304,21,391.155000,357.541000,412.288000
flchain,lightgbm,arm,1000,16,32,1,1,1,0,0,0,1304,21,386.830000,357.105000,416.205000
flchain,lightgbm,arm,1000,16,32,0,0,0,0,0,1,1304,21,386.708000,360.663000,412.682000
flchain,lightgbm,arm,1000,16,32,1,0,0,0,0,1,1304,21,387.325000,362.450000,414.383000
flchain,lightgbm,arm,1000,16,32,0,1,0,0,0,1,1304,21,387.873000,359.205000,412.156000
flchain,lightgbm,arm,1000,16,32,1,1,0,0,0,1,1304,21,389.675000,358.935000,409.477000
flchain,lightgbm,arm,1000,16,32,0,0,1,0,0,1,1304,21,388.431000,362.256000,414.560000
flchain,lightgbm,arm,1000,16,32,1,0,1,0,0,1,1304,21,390.665000,358.907000,416.366000
flchain,lightgbm,arm,1000,16,32,0,1,1,0,0,1,1304,21,386.760000,359.592000,416.287000
flchain,lightgbm,arm,1000,16,32,1,1,1,0,0,1,1304,21,385.966000,361.384000,415.273000
flchain,lightgbm,arm,1000,16,32,0,0,0,0,1,0,1304,21,388.618000,358.713000,412.982000
flchain,lightgbm,arm,1000,16,32,1,0,0,0,1,0,1304,21,387.628000,356.322000,411.561000
flchain,lightgbm,arm,1000,16,32,0,1,0,0,1,0,1304,21,387.862000,358.130000,410.179000
flchain,lightgbm,arm,1000,16,32,1,1,0,0,1,0,1304,21,390.184000,357.039000,412.548000
flchain,lightgbm,arm,1000,16,32,0,0,1,0,1,0,1304,21,388.524000,361.146000,413.190000
flchain,lightgbm,arm,1000,16,32,1,0,1,0,1,0,1304,21,387.829000,358.024000,409.794000
flchain,lightgbm,arm,1000,16,32,0,1,1,0,1,0,1304,21,386.701000,357.556000,412.548000
flchain,lightgbm,arm,1000,16,32,1,1,1,0,1,0,1304,21,387.278000,357.141000,409.969000
flchain,lightgbm,arm,1000,16,32,0,0,0,0,1,1,1304,21,386.036000,352.584000,406.455000
flchain,lightgbm,arm,1000,16,32,1,0,0,0,1,1,1304,21,385.842000,351.633000,406.760000
flchain,lightgbm,arm,1000,16,32,0,1,0,0,1,1,1304,21,384.351000,353.752000,404.408000
flchain,lightgbm,arm,1000,16,32,1,1,0,0,1,1,1304,21,384.632000,353.300000,409.648000
flchain,lightgbm,arm,1000,16,32,0,0,1,0,1,1,1304,21,386.275000,353.541000,407.444000
flchain,lightgbm,arm,1000,16,32,1,0,1,0,1,1,1304,21,386.028000,354.078000,409.346000
flchain,lightgbm,arm,1000,16,32,0,1,1,0,1,1,1304,21,383.025000,355.621000,408.865000
flchain,lightgbm,arm,1000,16,32,1,1,1,0,1,1,1304,21,383.989000,356.775000,408.217000
flchain,lightgbm,arm,1000,16,32,0,0,0,1,0,0,1304,21,384.518000,358.454000,409.499000
flchain,lightgbm,arm,1000,16,32,1,0,0,1,0,0,1304,21,385.274000,355.190000,417.426000
flchain,lightgbm,arm,1000,16,32,0,1,0,1,0,0,1304,21,389.877000,355.071000,411.598000
flchain,lightgbm,arm,1000,16,32,1,1,0,1,0,0,1304,21,386.235000,357.155000,412.244000
flchain,lightgbm,arm,1000,16,32,0,0,1,1,0,0,1304,21,386.423000,356.101000,415.126000
flchain,lightgbm,arm,1000,16,32,1,0,1,1,0,0,1304,21,387.799000,357.377000,411.659000
flchain,lightgbm,arm,1000,16,32,0,1,1,1,0,0,1304,21,385.600000,355.589000,412.609000
flchain,lightgbm,arm,1000,16,32,1,1,1,1,0,0,1304,21,387.579000,358.728000,412.225000
flchain,lightgbm,arm,1000,16,32,0,0,0,1,0,1,1304,21,393.116000,364.984000,420.451000
flchain,lightgbm,arm,1000,16,32,1,0,0,1,0,1,1304,21,398.065000,365.197000,417.247000
flchain,lightgbm,arm,1000,16,32,0,1,0,1,0,1,1304,21,399.644000,362.888000,413.939000
flchain,lightgbm,arm,1000,16,32,1,1,0,1,0,1,1304,21,394.197000,367.354000,417.022000
flchain,lightgbm,arm,1000,16,32,0,0,1,1,0,1,1304,21,396.505000,368.074000,418.169000
flchain,lightgbm,arm,1000,16,32,1,0,1,1,0,1,1304,21,393.616000,361.070000,423.718000
flchain,lightgbm,arm,1000,16,32,0,1,1,1,0,1,1304,21,396.432000,370.434000,424.183000
flchain,lightgbm,arm,1000,16,32,1,1,1,1,0,1,1304,21,396.919000,362.865000,419.791000
flchain,lightgbm,arm,1000,16,32,0,0,0,1,1,0,1304,21,399.672000,359.717000,430.420000
flchain,lightgbm,arm,1000,16,32,1,0,0,1,1,0,1304,21,405.557000,360.810000,434.626000
flchain,lightgbm,arm,1000,16,32,0,1,0,1,1,0,1304,21,400.640000,358.784000,430.637000
flchain,lightgbm,arm,1000,16,32,1,1,0,1,1,0,1304,21,398.646000,362.731000,429.010000
flchain,lightgbm,arm,1000,16,32,0,0,1,1,1,0,1304,21,404.567000,361.718000,429.257000
flchain,lightgbm,arm,1000,16,32,1,0,1,1,1,0,1304,21,399.646000,361.631000,428.971000
flchain,lightgbm,arm,1000,16,32,0,1,1,1,1,0,1304,21,398.981000,362.982000,424.087000
flchain,lightgbm,arm,1000,16,32,1,1,1,1,1,0,1304,21,406.486000,362.458000,427.792000
flchain,lightgbm,arm,1000,16,32,0,0,0,1,1,1,1304,21,397.547000,367.902000,423.104000
flchain,lightgbm,arm,1000,16,32,1,0,0,1,1,1,1304,21,399.186000,367.152000,420.765000
flchain,lightgbm,arm,1000,16,32,0,1,0,1,1,1,1304,21,398.075000,371.307000,423.022000
flchain,lightgbm,arm,1000,16,32,1,1,0,1,1,1,1304,21,399.799000,372.111000,426.328000
flchain,lightgbm,arm,1000,16,32,0,0,1,1,1,1,1304,21,400.928000,372.247000,422.397000
flchain,lightgbm,arm,1000,16,32,1,0,1,1,1,1,1304,21,396.658000,368.869000,421.961000
flchain,lightgbm,arm,1000,16,32,0,1,1,1,1,1,1304,21,398.585000,366.649000,424.071000
flchain,lightgbm,arm,1000,16,32,1,1,1,1,1,1,1304,21,398.327000,374.968000,423.266000
flchain,xgboost,arm,1000,16,32,0,0,0,0,0,0,1304,21,279.953000,249.229000,309.810000
flchain,xgboost,arm,1000,16,32,1,0,0,0,0,0,1304,21,279.639000,248.795000,309.036000
flchain,xgboost,arm,1000,16,32,0,1,0,0,0,0,1304,21,280.770000,249.362000,308.889000
flchain,xgboost,arm,1000,16,32,1,1,0,0,0,0,1304,21,278.748000,248.524000,309.943000
flchain,xgboost,arm,1000,16,32,0,0,1,0,0,0,1304,21,279.786000,248.588000,310.622000
flchain,xgboost,arm,1000,16,32,1,0,1,0,0,0,1304,21,279.677000,247.964000,309.351000
flchain,xgboost,arm,1000,16,32,0,1,1,0,0,0,1304,21,279.084000,247.875000,308.594000
flchain,xgboost,arm,1000,16,32,1,1,1,0,0,0,1304,21,280.001000,248.560000,310.356000
flchain,xgboost,arm,1000,16,32,0,0,0,0,0,1,1304,21,279.689000,247.553000,309.961000
flchain,xgboost,arm,1000,16,32,1,0,0,0,0,1,1304,21,278.639000,248.893000,309.629000
flchain,xgboost,arm,1000,16,32,0,1,0,0,0,1,1304,21,279.112000,248.090000,311.568000
flchain,xgboost,arm,1000,16,32,1,1,0,0,0,1,1304,21,280.675000,248.744000,309.881000
flchain,xgboost,arm,1000,16,32,0,0,1,0,0,1,1304,21,280.632000,247.624000,311.667000
flchain,xgboost,arm,1000,16,32,1,0,1,0,0,1,1304,21,278.812000,248.441000,310.145000
flchain,xgboost,arm,1000,16,32,0,1,1,0,0,1,1304,21,278.673000,248.542000,309.360000
flchain,xgboost,arm,1000,16,32,1,1,1,0,0,1,1304,21,279.748000,248.381000,309.202000
flchain,xgboost,arm,1000,16,32,0,0,0,0,1,0,1304,21,280.370000,249.543000,309.944000
flchain,xgboost,arm,1000,16,32,1,0,0,0,1,0,1304,21,281.315000,248.885000,311.752000
flchain,xgboost,arm,1000,16,32,0,1,0,0,1,0,1304,21,280.691000,250.288000,310.586000
flchain,xgboost,arm,1000,16,32,1,1,0,0,1,0,1304,21,280.605000,248.548000,309.105000
flchain,xgboost,arm,1000,16,32,0,0,1,0,1,0,1304,21,279.371000,250.352000,309.482000
flchain,xgboost,arm,1000,16,32,1,0,1,0,1,0,1304,21,281.369000,248.630000,310.226000
flchain,xgboost,arm,1000,16,32,0,1,1,0,1,0,1304,21,279.969000,250.014000,310.395000
flchain,xgboost,arm,1000,16,32,1,1,1,0,1,0,1304,21,280.243000,249.867000,310.771000
flchain,xgboost,arm,1000,16,32,0,0,0,0,1,1,1304,21,281.107000,250.743000,310.627000
flchain,xgboost,arm,1000,16,32,1,0,0,0,1,1,1304,21,283.080000,251.198000,309.983000
flchain,xgboost,arm,1000,16,32,0,1,0,0,1,1,1304,21,281.609000,248.905000,310.117000
flchain,xgboost,arm,1000,16,32,1,1,0,0,1,1,1304,21,282.220000,249.525000,309.721000
flchain,xgboost,arm,1000,16,32,0,0,1,0,1,1,1304,21,283.062000,249.577000,312.319000
flchain,xgboost,arm,1000,16,32,1,0,1,0,1,1,1304,21,281.906000,248.824000,311.396000
flchain,xgboost,arm,1000,16,32,0,1,1,0,1,1,1304,21,283.160000,248.493000,311.251000
flchain,xgboost,arm,1000,16,32,1,1,1,0,1,1,1304,21,281.590000,249.312000,310.822000
flchain,xgboost,arm,1000,16,32,0,0,0,1,0,0,1304,21,282.294000,250.416000,314.338000
flchain,xgboost,arm,1000,16,32,1,0,0,1,0,0,1304,21,282.972000,251.107000,313.908000
flchain,xgboost,arm,1000,16,32,0,1,0,1,0,0,1304,21,282.739000,250.371000,314.664000
flchain,xgboost,arm,1000,16,32,1,1,0,1,0,0,1304,21,282.195000,249.663000,314.966000
flchain,xgboost,arm,1000,16,32,0,0,1,1,0,0,1304,21,283.246000,250.164000,314.395000
flchain,xgboost,arm,1000,16,32,1,0,1,1,0,0,1304,21,281.976000,251.069000,314.107000
flchain,xgboost,arm,1000,16,32,0,1,1,1,0,0,1304,21,282.777000,250.519000,314.431000
flchain,xgboost,arm,1000,16,32,1,1,1,1,0,0,1304,21,282.136000,250.538000,312.719000
flchain,xgboost,arm,1000,16,32,0,0,0,1,0,1,1304,21,282.977000,250.517000,314.488000
flchain,xgboost,arm,1000,16,32,1,0,0,1,0,1,1304,21,282.581000,250.006000,313.694000
flchain,xgboost,arm,1000,16,32,0,1,0,1,0,1,1304,21,282.525000,252.009000,312.078000
flchain,xgboost,arm,1000,16,32,1,1,0,1,0,1,1304,21,281.679000,250.206000,313.332000
flchain,xgboost,arm,1000,16,32,0,0,1,1,0,1,1304,21,282.145000,249.837000,314.480000
flchain,xgboost,arm,1000,16,32,1,0,1,1,0,1,1304,21,283.138000,251.570000,312.883000
flchain,xgboost,arm,1000,16,32,0,1,1,1,0,1,1304,21,280.984000,250.127000,314.458000
flchain,xgboost,arm,1000,16,32,1,1,1,1,0,1,1304,21,282.482000,249.805000,314.332000
flchain,xgboost,arm,1000,16,32,0,0,0,1,1,0,1304,21,282.570000,251.281000,315.044000
flchain,xgboost,arm,1000,16,32,1,0,0,1,1,0,1304,21,282.221000,252.074000,315.203000
flchain,xgboost,arm,1000,16,32,0,1,0,1,1,0,1304,21,283.883000,251.282000,314.939000
flchain,xgboost,arm,1000,16,32,1,1,0,1,1,0,1304,21,283.013000,251.239000,315.695000
flchain,xgboost,arm,1000,16,32,0,0,1,1,1,0,1304,21,282.795000,250.310000,316.289000
flchain,xgboost,arm,1000,16,32,1,0,1,1,1,0,1304,21,283.200000,250.750000,317.130000
flchain,xgboost,arm,1000,16,32,0,1,1,1,1,0,1304,21,282.800000,250.752000,316.108000
flchain,xgboost,arm,1000,16,32,1,1,1,1,1,0,1304,21,282.859000,251.325000,316.706000
flchain,xgboost,arm,1000,16,32,0,0,0,1,1,1,1304,21,282.446000,251.216000,317.541000
flchain,xgboost,arm,1000,16,32,1,0,0,1,1,1,1304,21,282.636000,250.057000,315.552000
flchain,xgboost,arm,1000,16,32,0,1,0,1,1,1,1304,21,284.062000,251.895000,316.141000
flchain,xgboost,arm,1000,16,32,1,1,0,1,1,1,1304,21,282.400000,251.829000,316.263000
flchain,xgboost,arm,1000,16,32,0,0,1,1,1,1,1304,21,282.603000,251.330000,316.228000
flchain,xgboost,arm,1000,16,32,1,0,1,1,1,1,1304,21,283.199000,252.479000,314.567000
flchain,xgboost,arm,1000,16,32,0,1,1,1,1,1,1304,21,284.249000,251.957000,316.765000
flchain,xgboost,arm,1000,16,32,1,1,1,1,1,1,1304,21,283.122000,250.906000,316.596000
flchain,lightgbm,arm,500,4,16,0,0,0,0,0,0,1304,21,12.908000,12.175000,14.463000
flchain,lightgbm,arm,500,4,16,1,0,0,0,0,0,1304,21,13.001000,12.127000,14.363000
flchain,lightgbm,arm,500,4,16,0,1,0,0,0,0,1304,21,12.915000,12.324000,14.539000
flchain,lightgbm,arm,500,4,16,1,1,0,0,0,0,1304,21,12.950000,12.288000,14.465000
flchain,lightgbm,arm,500,4,16,0,0,1,0,0,0,1304,21,12.750000,12.190000,14.423000
flchain,lightgbm,arm,500,4,16,1,0,1,0,0,0,1304,21,12.894000,12.179000,14.410000
flchain,lightgbm,arm,500,4,16,0,1,1,0,0,0,1304,21,12.869000,12.368000,14.518000
flchain,lightgbm,arm,500,4,16,1,1,1,0,0,0,1304,21,12.890000,12.198000,14.479000
flchain,lightgbm,arm,500,4,16,0,0,0,0,0,1,1304,21,13.292000,12.530000,14.691000
flchain,lightgbm,arm,500,4,16,0,0,0,0,1,0,1304,21,13.223000,12.338000,14.685000
flchain,lightgbm,arm,500,4,16,0,0,0,0,1,1,1304,21,13.172000,12.322000,14.594000
flchain,lightgbm,arm,500,4,16,0,0,0,1,0,0,1304,21,14.889000,14.219000,16.586000
flchain,lightgbm,arm,500,4,16,0,0,0,1,0,1,1304,21,15.006000,14.346000,16.657000
flchain,lightgbm,arm,500,4,16,0,0,0,1,1,0,1304,21,14.826000,14.107000,16.383000
flchain,lightgbm,arm,500,4,16,0,0,0,1,1,1,1304,21,14.881000,14.127000,16.397000
flchain,xgboost,arm,500,4,16,0,0,0,0,0,0,1304,21,12.898000,12.550000,13.611000
flchain,xgboost,arm,500,4,16,1,0,0,0,0,0,1304,21,12.896000,12.582000,13.831000
flchain,xgboost,arm,500,4,16,0,1,0,0,0,0,1304,21,12.892000,12.622000,13.832000
flchain,xgboost,arm,500,4,16,1,1,0,0,0,0,1304,21,12.933000,12.634000,13.649000
flchain,xgboost,arm,500,4,16,0,0,1,0,0,0,1304,21,12.884000,12.630000,13.759000
flchain,xgboost,arm,500,4,16,1,0,1,0,0,0,1304,21,12.955000,12.564000,13.633000
flchain,xgboost,arm,500,4,16,0,1,1,0,0,0,1304,21,12.893000,12.607000,13.744000
flchain,xgboost,arm,500,4,16,1,1,1,0,0,0,1304,21,12.882000,12.543000,13.624000
flchain,xgboost,arm,500,4,16,0,0,0,0,0,1,1304,11,13.252000,13.004000,13.837000
flchain,xgboost,arm,500,4,16,0,0,0,0,1,0,1304,11,13.283000,13.038000,13.708000
flchain,xgboost,arm,500,4,16,0,0,0,0,1,1,1304,11,13.236000,12.981000,13.683000
flchain,xgboost,arm,500,4,16,0,0,0,1,0,0,1304,11,14.612000,14.231000,15.242000
flchain,xgboost,arm,500,4,16,0,0,0,1,0,1,1304,11,14.568000,14.265000,15.207000
flchain,xgboost,arm,500,4,16,0,0,0,1,1,0,1304,11,14.771000,14.453000,15.403000
flchain,xgboost,arm,500,4,16,0,0,0,1,1,1,1304,11,14.653000,14.457000,15.413000
flchain,lightgbm,arm,500,8,128,0,0,0,0,0,0,1304,11,140.971000,138.202000,144.114000
flchain,lightgbm,arm,500,8,128,1,0,0,0,0,0,1304,11,140.769000,138.424000,144.113000
flchain,lightgbm,arm,500,8,128,0,1,0,0,0,0,1304,11,140.946000,138.650000,144.175000
flchain,lightgbm,arm,500,8,128,1,1,0,0,0,0,1304,11,139.805000,138.433000,144.228000
flchain,lightgbm,arm,500,8,128,0,0,1,0,0,0,1304,11,140.372000,138.239000,145.141000
flchain,lightgbm,arm,500,8,128,1,0,1,0,0,0,1304,11,141.218000,138.481000,143.989000
flchain,lightgbm,arm,500,8,128,0,1,1,0,0,0,1304,11,140.958000,138.273000,143.853000
flchain,lightgbm,arm,500,8,128,1,1,1,0,0,0,1304,11,140.809000,138.727000,144.276000
flchain,lightgbm,arm,500,8,128,0,0,0,0,0,1,1304,11,140.871000,139.490000,145.633000
flchain,lightgbm,arm,500,8,128,0,0,0,0,1,0,1304,11,142.429000,139.547000,145.115000
flchain,lightgbm,arm,500,8,128,0,0,0,0,1,1,1304,11,142.589000,139.560000,145.826000
flchain,lightgbm,arm,500,8,128,0,0,0,1,0,0,1304,11,142.000000,140.325000,146.443000
flchain,lightgbm,arm,500,8,128,0,0,0,1,0,1,1304,11,142.685000,140.577000,146.091000
flchain,lightgbm,arm,500,8,128,0,0,0,1,1,0,1304,11,144.462000,141.561000,148.092000
flchain,lightgbm,arm,500,8,128,0,0,0,1,1,1,1304,11,143.444000,142.109000,148.176000
flchain,xgboost,arm,500,8,128,0,0,0,0,0,0,1304,11,139.781000,138.202000,143.093000
flchain,xgboost,arm,500,8,128,1,0,0,0,0,0,1304,11,139.988000,137.970000,143.694000
flchain,xgboost,arm,500,8,128,0,1,0,0,0,0,1304,11,139.955000,138.292000,143.344000
flchain,xgboost,arm,500,8,128,1,1,0,0,0,0,1304,11,139.763000,138.188000,143.518000
flchain,xgboost,arm,500,8,128,0,0,1,0,0,0,1304,11,139.838000,138.861000,143.809000
flchain,xgboost,arm,500,8,128,1,0,1,0,0,0,1304,11,139.538000,137.972000,143.325000
flchain,xgboost,arm,500,8,128,0,1,1,0,0,0,1304,11,139.874000,138.576000,143.080000
flchain,xgboost,arm,500,8,128,1,1,1,0,0,0,1304,11,139.761000,138.472000,143.837000
flchain,xgboost,arm,500,8,128,0,0,0,0,0,1,1304,11,140.424000,139.611000,144.387000
flchain,xgboost,arm,500,8,128,0,0,0,0,1,0,1304,11,140.486000,140.018000,143.793000
flchain,xgboost,arm,500,8,128,0,0,0,0,1,1,1304,11,140.906000,139.910000,144.837000
flchain,xgboost,arm,500,8,128,0,0,0,1,0,0,1304,11,142.220000,141.147000,146.288000
flchain,xgboost,arm,500,8,128,0,0,0,1,0,1,1304,11,141.471000,140.408000,145.844000
flchain,xgboost,arm,500,8,128,0,0,0,1,1,0,1304,11,142.154000,141.389000,146.198000
flchain,xgboost,arm,500,8,128,0,0,0,1,1,1,1304,11,142.133000,141.075000,145.966000
flchain,lightgbm,arm,500,8,16,0,0,0,0,0,0,1304,21,37.028000,36.141000,40.812000
flchain,lightgbm,arm,500,8,16,1,0,0,0,0,0,1304,21,36.913000,36.236000,40.944000
flchain,lightgbm,arm,500,8,16,0,1,0,0,0,0,1304,21,37.162000,36.301000,40.591000
flchain,lightgbm,arm,500,8,16,1,1,0,0,0,0,1304,21,37.093000,36.471000,40.793000
flchain,lightgbm,arm,500,8,16,0,0,1,0,0,0,1304,21,36.989000,36.466000,41.032000
flchain,lightgbm,arm,500,8,16,1,0,1,0,0,0,1304,21,36.926000,36.301000,40.808000
flchain,lightgbm,arm,500,8,16,0,1,1,0,0,0,1304,21,36.910000,36.306000,40.875000
flchain,lightgbm,arm,500,8,16,1,1,1,0,0,0,1304,21,36.983000,36.153000,40.560000
flchain,lightgbm,arm,500,8,16,0,0,0,0,0,1,1304,21,36.969000,36.204000,40.625000
flchain,lightgbm,arm,500,8,16,1,0,0,0,0,1,1304,21,36.993000,36.455000,40.627000
flchain,lightgbm,arm,500,8,16,0,1,0,0,0,1,1304,21,37.042000,36.233000,40.631000
flchain,lightgbm,arm,500,8,16,1,1,0,0,0,1,1304,21,36.954000,36.418000,40.570000
flchain,lightgbm,arm,500,8,16,0,0,1,0,0,1,1304,21,36.927000,36.216000,40.420000
flchain,lightgbm,arm,500,8,16,1,0,1,0,0,1,1304,21,36.889000,36.460000,40.451000
flchain,lightgbm,arm,500,8,16,0,1,1,0,0,1,1304,21,37.052000,36.251000,40.702000
flchain,lightgbm,arm,500,8,16,1,1,1,0,0,1,1304,21,37.174000,35.968000,40.621000
flchain,lightgbm,arm,500,8,16,0,0,0,0,1,0,1304,21,37.500000,36.762000,41.330000
flchain,lightgbm,arm,500,8,16,1,0,0,0,1,0,1304,21,37.548000,36.861000,41.170000
flchain,lightgbm,arm,500,8,16,0,1,0,0,1,0,1304,21,37.518000,36.963000,41.501000
flchain,lightgbm,arm,500,8,16,1,1,0,0,1,0,1304,21,37.488000,36.830000,41.235000
flchain,lightgbm,arm,500,8,16,0,0,1,0,1,0,1304,21,37.502000,36.921000,41.347000
flchain,lightgbm,arm,500,8,16,1,0,1,0,1,0,1304,21,37.466000,36.953000,41.345000
flchain,lightgbm,arm,500,8,16,0,1,1,0,1,0,1304,21,37.671000,36.445000,41.387000
flchain,lightgbm,arm,500,8,16,1,1,1,0,1,0,1304,21,37.600000,36.851000,41.079000
flchain,lightgbm,arm,500,8,16,0,0,0,0,1,1,1304,21,37.628000,36.803000,41.218000
flchain,lightgbm,arm,500,8,16,1,0,0,0,1,1,1304,21,37.373000,36.875000,41.209000
flchain,lightgbm,arm,500,8,16,0,1,0,0,1,1,1304,21,37.664000,36.951000,40.996000
flchain,lightgbm,arm,500,8,16,1,1,0,0,1,1,1304,21,37.654000,36.837000,41.075000
flchain,lightgbm,arm,500,8,16,0,0,1,0,1,1,1304,21,37.653000,36.878000,41.107000
flchain,lightgbm,arm,500,8,16,1,0,1,0,1,1,1304,21,37.776000,36.895000,41.017000
flchain,lightgbm,arm,500,8,16,0,1,1,0,1,1,1304,21,37.728000,36.853000,41.327000
flchain,lightgbm,arm,500,8,16,1,1,1,0,1,1,1304,21,37.728000,36.583000,41.293000
flchain,lightgbm,arm,500,8,16,0,0,0,1,0,0,1304,21,37.701000,37.107000,41.699000
flchain,lightgbm,arm,500,8,16,1,0,0,1,0,0,1304,21,37.572000,36.942000,41.654000
flchain,lightgbm,arm,500,8,16,0,1,0,1,0,0,1304,21,37.646000,36.688000,41.614000
flchain,lightgbm,arm,500,8,16,1,1,0,1,0,0,1304,21,37.652000,36.874000,41.572000
flchain,lightgbm,arm,500,8,16,0,0,1,1,0,0,1304,21,37.783000,36.967000,41.925000
flchain,lightgbm,arm,500,8,16,1,0,1,1,0,0,1304,21,37.580000,37.073000,41.614000
flchain,lightgbm,arm,500,8,16,0,1,1,1,0,0,1304,21,37.811000,37.098000,41.478000
flchain,lightgbm,arm,500,8,16,1,1,1,1,0,0,1304,21,37.679000,36.989000,41.534000
flchain,lightgbm,arm,500,8,16,0,0,0,1,0,1,1304,21,37.616000,36.791000,41.479000
flchain,lightgbm,arm,500,8,16,1,0,0,1,0,1,1304,21,37.473000,36.748000,41.594000
flchain,lightgbm,arm,500,8,16,0,1,0,1,0,1,1304,21,37.695000,36.969000,41.500000
flchain,lightgbm,arm,500,8,16,1,1,0,1,0,1,1304,21,37.655000,36.598000,41.348000
flchain,lightgbm,arm,500,8,16,0,0,1,1,0,1,1304,21,37.770000,36.987000,41.500000
flchain,lightgbm,arm,500,8,16,1,0,1,1,0,1,1304,21,37.602000,36.986000,41.622000
flchain,lightgbm,arm,500,8,16,0,1,1,1,0,1,1304,21,37.514000,36.899000,41.308000
flchain,lightgbm,arm,500,8,16,1,1,1,1,0,1,1304,21,37.559000,36.808000,41.389000
flchain,lightgbm,arm,500,8,16,0,0,0,1,1,0,1304,21,38.364000,37.551000,42.355000
flchain,lightgbm,arm,500,8,16,1,0,0,1,1,0,1304,21,38.390000,37.313000,42.306000
flchain,lightgbm,arm,500,8,16,0,1,0,1,1,0,1304,21,38.407000,37.284000,42.448000
flchain,lightgbm,arm,500,8,16,1,1,0,1,1,0,1304,21,38.496000,37.432000,42.133000
flchain,lightgbm,arm,500,8,16,0,0,1,1,1,0,1304,21,38.423000,37.608000,42.424000
flchain,lightgbm,arm,500,8,16,1,0,1,1,1,0,1304,21,38.285000,37.344000,42.551000
flchain,lightgbm,arm,500,8,16,0,1,1,1,1,0,1304,21,38.639000,37.291000,42.574000
flchain,lightgbm,arm,500,8,16,1,1,1,1,1,0,1304,21,38.387000,37.451000,41.952000
flchain,lightgbm,arm,500,8,16,0,0,0,1,1,1,1304,21,38.617000,37.472000,42.376000
flchain,lightgbm,arm,500,8,16,1,0,0,1,1,1,1304,21,38.325000,37.560000,42.403000
flchain,lightgbm,arm,500,8,16,0,1,0,1,1,1,1304,21,38.487000,37.539000,42.276000
flchain,lightgbm,arm,500,8,16,1,1,0,1,1,1,1304,21,38.442000,37.465000,42.235000
flchain,lightgbm,arm,500,8,16,0,0,1,1,1,1,1304,21,38.457000,37.607000,42.471000
flchain,lightgbm,arm,500,8,16,1,0,1,1,1,1,1304,21,38.356000,37.567000,42.374000
flchain,lightgbm,arm,500,8,16,0,1,1,1,1,1,1304,21,38.716000,37.570000,42.459000
flchain,lightgbm,arm,500,8,16,1,1,1,1,1,1,1304,21,38.406000,37.524000,42.279000
flchain,xgboost,arm,500,8,16,0,0,0,0,0,0,1304,21,39.320000,37.899000,42.129000
flchain,xgboost,arm,500,8,16,1,0,0,0,0,0,1304,21,39.168000,38.006000,42.208000
flchain,xgboost,arm,500,8,16,0,1,0,0,0,0,1304,21,39.320000,38.046000,42.341000
flchain,xgboost,arm,500,8,16,1,1,0,0,0,0,1304,21,39.521000,38.142000,42.276000
flchain,xgboost,arm,500,8,16,0,0,1,0,0,0,1304,21,39.419000,38.009000,42.446000
flchain,xgboost,arm,500,8,16,1,0,1,0,0,0,1304,21,39.176000,38.275000,42.382000
flchain,xgboost,arm,500,8,16,0,1,1,0,0,0,1304,21,39.390000,37.947000,42.348000
flchain,xgboost,arm,500,8,16,1,1,1,0,0,0,1304,21,39.521000,38.003000,42.253000
flchain,xgboost,arm,500,8,16,0,0,0,0,0,1,1304,21,39.478000,37.860000,42.548000
flchain,xgboost,arm,500,8,16,1,0,0,0,0,1,1304,21,39.355000,38.146000,42.285000
flchain,xgboost,arm,500,8,16,0,1,0,0,0,1,1304,21,39.486000,38.216000,42.306000
flchain,xgboost,arm,500,8,16,1,1,0,0,0,1,1304,21,39.309000,37.950000,42.245000
flchain,xgboost,arm,500,8,16,0,0,1,0,0,1,1304,21,39.540000,38.163000,42.332000
flchain,xgboost,arm,500,8,16,1,0,1,0,0,1,1304,21,39.491000,38.035000,42.388000
flchain,xgboost,arm,500,8,16,0,1,1,0,0,1,1304,21,39.641000,37.908000,42.462000
flchain,xgboost,arm,500,8,16,1,1,1,0,0,1,1304,21,39.369000,37.948000,42.634000
flchain,xgboost,arm,500,8,16,0,0,0,0,1,0,1304,21,39.914000,38.908000,42.885000
flchain,xgboost,arm,500,8,16,1,0,0,0,1,0,1304,21,39.780000,38.646000,42.896000
flchain,xgboost,arm,500,8,16,0,1,0,0,1,0,1304,21,39.976000,38.737000,42.719000
flchain,xgboost,arm,500,8,16,1,1,0,0,1,0,1304,21,39.909000,38.604000,42.697000
flchain,xgboost,arm,500,8,16,0,0,1,0,1,0,1304,21,39.803000,38.639000,42.952000
flchain,xgboost,arm,500,8,16,1,0,1,0,1,0,1304,21,39.908000,38.763000,43.056000
flchain,xgboost,arm,500,8,16,0,1,1,0,1,0,1304,21,39.885000,38.528000,42.873000
flchain,xgboost,arm,500,8,16,1,1,1,0,1,0,1304,21,39.858000,38.653000,42.904000
flchain,xgboost,arm,500,8,16,0,0,0,0,1,1,1304,21,39.947000,38.944000,42.993000
flchain,xgboost,arm,500,8,16,1,0,0,0,1,1,1304,21,39.944000,38.742000,42.778000
flchain,xgboost,arm,500,8,16,0,1,0,0,1,1,1304,21,40.086000,38.807000,42.917000
flchain,xgboost,arm,500,8,16,1,1,0,0,1,1,1304,21,40.146000,38.802000,42.782000
flchain,xgboost,arm,500,8,16,0,0,1,0,1,1,1304,21,39.837000,38.649000,42.990000
flchain,xgboost,arm,500,8,16,1,0,1,0,1,1,1304,21,39.728000,38.676000,43.005000
flchain,xgboost,arm,500,8,16,0,1,1,0,1,1,1304,21,39.914000,38.553000,42.907000
flchain,xgboost,arm,500,8,16,1,1,1,0,1,1,1304,21,39.790000,38.640000,42.810000
flchain,xgboost,arm,500,8,16,0,0,0,1,0,0,1304,21,40.959000,39.345000,43.463000
flchain,xgboost,arm,500,8,16,1,0,0,1,0,0,1304,21,40.967000,39.387000,43.805000
flchain,xgboost,arm,500,8,16,0,1,0,1,0,0,1304,21,40.983000,39.513000,43.964000
flchain,xgboost,arm,500,8,16,1,1,0,1,0,0,1304,21,40.912000,39.388000,44.172000
flchain,xgboost,arm,500,8,16,0,0,1,1,0,0,1304,21,41.046000,39.352000,43.986000
flchain,xgboost,arm,500,8,16,1,0,1,1,0,0,1304,21,40.855000,39.521000,43.943000
flchain,xgboost,arm,500,8,16,0,1,1,1,0,0,1304,21,40.755000,39.225000,43.998000
flchain,xgboost,arm,500,8,16,1,1,1,1,0,0,1304,21,40.885000,39.037000,43.575000
flchain,xgboost,arm,500,8,16,0,0,0,1,0,1,1304,21,40.924000,39.333000,43.767000
flchain,xgboost,arm,500,8,16,1,0,0,1,0,1,1304,21,40.949000,39.235000,43.942000
flchain,xgboost,arm,500,8,16,0,1,0,1,0,1,1304,21,41.141000,39.628000,43.891000
flchain,xgboost,arm,500,8,16,1,1,0,1,0,1,1304,21,41.162000,39.273000,43.778000
flchain,xgboost,arm,500,8,16,0,0,1,1,0,1,1304,21,41.001000,39.678000,43.826000
flchain,xgboost,arm,500,8,16,1,0,1,1,0,1,1304,21,40.760000,39.657000,43.534000
flchain,xgboost,arm,500,8,16,0,1,1,1,0,1,1304,21,41.027000,39.347000,44.151000
flchain,xgboost,arm,500,8,16,1,1,1,1,0,1,1304,21,41.098000,39.349000,43.875000
flchain,xgboost,arm,500,8,16,0,0,0,1,1,0,1304,21,41.491000,39.913000,44.419000
flchain,xgboost,arm,500,8,16,1,0,0,1,1,0,1304,21,41.357000,39.925000,44.461000
flchain,xgboost,arm,500,8,16,0,1,0,1,1,0,1304,21,41.247000,39.971000,44.379000
flchain,xgboost,arm,500,8,16,1,1,0,1,1,0,1304,21,41.318000,39.844000,44.118000
flchain,xgboost,arm,500,8,16,0,0,1,1,1,0,1304,21,41.351000,39.789000,44.355000
flchain,xgboost,arm,500,8,16,1,0,1,1,1,0,1304,21,41.355000,39.739000,44.537000
flchain,xgboost,arm,500,8,16,0,1,1,1,1,0,1304,21,41.572000,39.853000,44.462000
flchain,xgboost,arm,500,8,16,1,1,1,1,1,0,1304,21,41.427000,39.953000,44.308000
flchain,xgboost,arm,500,8,16,0,0,0,1,1,1,1304,21,41.314000,39.978000,44.259000
flchain,xgboost,arm,500,8,16,1,0,0,1,1,1,1304,21,41.491000,39.917000,44.141000
flchain,xgboost,arm,500,8,16,0,1,0,1,1,1,1304,21,41.346000,39.905000,44.243000
flchain,xgboost,arm,500,8,16,1,1,0,1,1,1,1304,21,41.479000,39.714000,44.361000
flchain,xgboost,arm,500,8,16,0,0,1,1,1,1,1304,21,41.719000,40.035000,44.406000
flchain,xgboost,arm,500,8,16,1,0,1,1,1,1,1304,21,41.288000,39.949000,44.459000
flchain,xgboost,arm,500,8,16,0,1,1,1,1,1,1304,21,41.471000,39.724000,44.458000
flchain,xgboost,arm,500,8,16,1,1,1,1,1,1,1304,21,41.387000,39.750000,44.030000
flchain,lightgbm,arm,500,8,4,0,0,0,0,0,0,1304,21,19.715000,19.096000,23.418000
flchain,lightgbm,arm,500,8,4,1,0,0,0,0,0,1304,21,19.957000,18.993000,23.482000
flchain,lightgbm,arm,500,8,4,0,1,0,0,0,0,1304,21,19.776000,19.053000,23.429000
flchain,lightgbm,arm,500,8,4,1,1,0,0,0,0,1304,21,19.768000,19.091000,23.287000
flchain,lightgbm,arm,500,8,4,0,0,1,0,0,0,1304,21,19.907000,19.000000,23.524000
flchain,lightgbm,arm,500,8,4,1,0,1,0,0,0,1304,21,19.693000,19.035000,23.359000
flchain,lightgbm,arm,500,8,4,0,1,1,0,0,0,1304,21,19.875000,19.060000,23.525000
flchain,lightgbm,arm,500,8,4,1,1,1,0,0,0,1304,21,19.835000,19.029000,23.334000
flchain,lightgbm,arm,500,8,4,0,0,0,0,0,1,1304,21,20.254000,19.595000,23.834000
flchain,lightgbm,arm,500,8,4,0,0,0,0,1,0,1304,21,20.954000,20.042000,24.288000
flchain,lightgbm,arm,500,8,4,0,0,0,0,1,1,1304,21,21.043000,20.031000,24.479000
flchain,lightgbm,arm,500,8,4,0,0,0,1,0,0,1304,21,21.191000,20.562000,24.936000
flchain,lightgbm,arm,500,8,4,0,0,0,1,0,1,1304,21,21.216000,20.542000,24.862000
flchain,lightgbm,arm,500,8,4,0,0,0,1,1,0,1304,21,22.014000,21.056000,26.229000
flchain,lightgbm,arm,500,8,4,0,0,0,1,1,1,1304,21,21.902000,21.032000,25.978000
flchain,xgboost,arm,500,8,4,0,0,0,0,0,0,1304,21,23.824000,21.850000,29.451000
flchain,xgboost,arm,500,8,4,1,0,0,0,0,0,1304,21,23.969000,21.519000,29.296000
flchain,xgboost,arm,500,8,4,0,1,0,0,0,0,1304,21,23.792000,21.806000,29.307000
flchain,xgboost,arm,500,8,4,1,1,0,0,0,0,1304,21,23.558000,22.246000,29.103000
flchain,xgboost,arm,500,8,4,0,0,1,0,0,0,1304,21,23.886000,22.034000,29.225000
flchain,xgboost,arm,500,8,4,1,0,1,0,0,0,1304,21,23.835000,21.607000,29.415000
flchain,xgboost,arm,500,8,4,0,1,1,0,0,0,1304,21,23.739000,21.545000,29.258000
flchain,xgboost,arm,500,8,4,1,1,1,0,0,0,1304,21,23.874000,22.218000,29.020000
flchain,xgboost,arm,500,8,4,0,0,0,0,0,1,1304,21,24.051000,22.646000,29.778000
flchain,xgboost,arm,500,8,4,0,0,0,0,1,0,1304,21,25.005000,23.391000,30.759000
flchain,xgboost,arm,500,8,4,0,0,0,0,1,1,1304,21,24.771000,23.059000,30.880000
flchain,xgboost,arm,500,8,4,0,0,0,1,0,0,1304,21,25.415000,23.970000,31.719000
flchain,xgboost,arm,500,8,4,0,0,0,1,0,1,1304,21,25.163000,23.810000,31.339000
flchain,xgboost,arm,500,8,4,0,0,0,1,1,0,1304,21,25.495000,23.535000,31.899000
flchain,xgboost,arm,500,8,4,0,0,0,1,1,1,1304,21,25.643000,23.678000,31.965000
flchain,lightgbm,arm,500,8,64,0,0,0,0,0,0,1304,11,71.952000,70.914000,75.587000
flchain,lightgbm,arm,500,8,64,1,0,0,0,0,0,1304,11,71.925000,70.982000,76.451000
flchain,lightgbm,arm,500,8,64,0,1,0,0,0,0,1304,11,71.859000,71.244000,75.780000
flchain,lightgbm,arm,500,8,64,1,1,0,0,0,0,1304,11,71.952000,71.107000,75.617000
flchain,lightgbm,arm,500,8,64,0,0,1,0,0,0,1304,11,72.010000,70.863000,75.537000
flchain,lightgbm,arm,500,8,64,1,0,1,0,0,0,1304,11,71.828000,71.119000,75.643000
flchain,lightgbm,arm,500,8,64,0,1,1,0,0,0,1304,11,71.852000,71.156000,75.495000
flchain,lightgbm,arm,500,8,64,1,1,1,0,0,0,1304,11,71.834000,71.226000,75.550000
flchain,lightgbm,arm,500,8,64,0,0,0,0,0,1,1304,11,72.825000,72.430000,77.522000
flchain,lightgbm,arm,500,8,64,0,0,0,0,1,0,1304,11,73.397000,72.147000,77.954000
flchain,lightgbm,arm,500,8,64,0,0,0,0,1,1,1304,11,73.074000,72.159000,77.126000
flchain,lightgbm,arm,500,8,64,0,0,0,1,0,0,1304,11,73.916000,73.486000,77.724000
flchain,lightgbm,arm,500,8,64,0,0,0,1,0,1,1304,11,73.529000,72.925000,78.559000
flchain,lightgbm,arm,500,8,64,0,0,0,1,1,0,1304,11,74.071000,73.411000,78.140000
flchain,lightgbm,arm,500,8,64,0,0,0,1,1,1,1304,11,74.067000,72.802000,78.299000
flchain,xgboost,arm,500,8,64,0,0,0,0,0,0,1304,11,73.514000,71.675000,75.616000
flchain,xgboost,arm,500,8,64,1,0,0,0,0,0,1304,11,73.759000,72.088000,75.413000
flchain,xgboost,arm,500,8,64,0,1,0,0,0,0,1304,11,73.830000,72.357000,76.068000
flchain,xgboost,arm,500,8,64,1,1,0,0,0,0,1304,11,73.302000,72.151000,76.065000
flchain,xgboost,arm,500,8,64,0,0,1,0,0,0,1304,11,73.540000,72.087000,75.352000
flchain,xgboost,arm,500,8,64,1,0,1,0,0,0,1304,11,73.752000,71.921000,75.461000
flchain,xgboost,arm,500,8,64,0,1,1,0,0,0,1304,11,74.104000,71.619000,75.912000
flchain,xgboost,arm,500,8,64,1,1,1,0,0,0,1304,11,73.862000,71.767000,75.436000
flchain,xgboost,arm,500,8,64,0,0,0,0,0,1,1304,11,74.602000,72.795000,75.791000
flchain,xgboost,arm,500,8,64,0,0,0,0,1,0,1304,11,74.900000,72.919000,76.005000
flchain,xgboost,arm,500,8,64,0,0,0,0,1,1,1304,11,74.537000,72.691000,75.950000
flchain,xgboost,arm,500,8,64,0,0,0,1,0,0,1304,11,75.883000,74.064000,77.317000
flchain,xgboost,arm,500,8,64,0,0,0,1,0,1,1304,11,75.852000,74.146000,77.353000
flchain,xgboost,arm,500,8,64,0,0,0,1,1,0,1304,11,75.454000,73.755000,77.323000
flchain,xgboost,arm,500,8,64,0,0,0,1,1,1,1304,11,75.869000,74.053000,77.162000
flchain,lightgbm,arm,50,4,1,0,0,0,0,0,0,1304,21,0.511000,0.470000,0.569000
flchain,lightgbm,arm,50,4,1,1,0,0,0,0,0,1304,21,0.505000,0.469000,0.592000
flchain,lightgbm,arm,50,4,1,0,1,0,0,0,0,1304,21,0.504000,0.469000,0.599000
flchain,lightgbm,arm,50,4,1,1,1,0,0,0,0,1304,21,0.508000,0.475000,0.556000
flchain,lightgbm,arm,50,4,1,0,0,1,0,0,0,1304,21,0.508000,0.474000,0.634000
flchain,lightgbm,arm,50,4,1,1,0,1,0,0,0,1304,21,0.506000,0.474000,0.594000
flchain,lightgbm,arm,50,4,1,0,1,1,0,0,0,1304,21,0.507000,0.473000,0.614000
flchain,lightgbm,arm,50,4,1,1,1,1,0,0,0,1304,21,0.506000,0.471000,0.568000
flchain,lightgbm,arm,50,4,1,0,0,0,0,0,1,1304,21,0.546000,0.486000,0.674000
flchain,lightgbm,arm,50,4,1,0,0,0,0,1,0,1304,21,0.559000,0.509000,0.665000
flchain,lightgbm,arm,50,4,1,0,0,0,0,1,1,1304,21,0.566000,0.513000,0.686000
flchain,lightgbm,arm,50,4,1,0,0,0,1,0,0,1304,21,0.558000,0.484000,0.711000
flchain,lightgbm,arm,50,4,1,0,0,0,1,0,1,1304,21,0.556000,0.486000,0.692000
flchain,lightgbm,arm,50,4,1,0,0,0,1,1,0,1304,21,0.580000,0.499000,0.702000
flchain,lightgbm,arm,50,4,1,0,0,0,1,1,1,1304,21,0.578000,0.512000,0.709000
flchain,xgboost,arm,50,4,1,0,0,0,0,0,0,1304,21,0.531000,0.508000,0.609000
flchain,xgboost,arm,50,4,1,1,0,0,0,0,0,1304,21,0.534000,0.506000,0.602000
flchain,xgboost,arm,50,4,1,0,1,0,0,0,0,1304,21,0.531000,0.504000,0.602000
flchain,xgboost,arm,50,4,1,1,1,0,0,0,0,1304,21,0.538000,0.512000,0.580000
flchain,xgboost,arm,50,4,1,0,0,1,0,0,0,1304,21,0.532000,0.513000,0.663000
flchain,xgboost,arm,50,4,1,1,0,1,0,0,0,1304,21,0.523000,0.508000,0.701000
flchain,xgboost,arm,50,4,1,0,1,1,0,0,0,1304,21,0.528000,0.508000,0.620000
flchain,xgboost,arm,50,4,1,1,1,1,0,0,0,1304,21,0.535000,0.511000,0.600000
flchain,xgboost,arm,50,4,1,0,0,0,0,0,1,1304,21,0.583000,0.556000,0.755000
flchain,xgboost,arm,50,4,1,0,0,0,0,1,0,1304,21,0.603000,0.564000,0.763000
flchain,xgboost,arm,50,4,1,0,0,0,0,1,1,1304,21,0.601000,0.562000,0.752000
flchain,xgboost,arm,50,4,1,0,0,0,1,0,0,1304,21,0.613000,0.557000,0.777000
flchain,xgboost,arm,50,4,1,0,0,0,1,0,1,1304,21,0.613000,0.559000,0.766000
flchain,xgboost,arm,50,4,1,0,0,0,1,1,0,1304,21,0.639000,0.581000,0.818000
flchain,xgboost,arm,50,4,1,0,0,0,1,1,1,1304,21,0.630000,0.568000,0.815000
support,lightgbm,arm,1000,16,32,0,0,0,0,0,0,1774,11,636.315000,627.631000,652.588000
support,lightgbm,arm,1000,16,32,1,0,0,0,0,0,1774,11,637.372000,624.496000,648.320000
support,lightgbm,arm,1000,16,32,0,1,0,0,0,0,1774,11,633.587000,624.258000,646.293000
support,lightgbm,arm,1000,16,32,1,1,0,0,0,0,1774,11,635.628000,628.821000,664.553000
support,lightgbm,arm,1000,16,32,0,0,1,0,0,0,1774,11,633.862000,627.172000,654.610000
support,lightgbm,arm,1000,16,32,1,0,1,0,0,0,1774,11,638.286000,628.449000,645.772000
support,lightgbm,arm,1000,16,32,0,1,1,0,0,0,1774,11,639.804000,632.472000,648.911000
support,lightgbm,arm,1000,16,32,1,1,1,0,0,0,1774,11,639.756000,626.226000,651.508000
support,lightgbm,arm,1000,16,32,0,0,0,0,0,1,1774,12,633.946000,621.548000,637.370000
support,lightgbm,arm,1000,16,32,1,0,0,0,0,1,1774,12,633.859000,627.205000,656.120000
support,lightgbm,arm,1000,16,32,0,1,0,0,0,1,1774,12,637.630000,626.030000,653.318000
support,lightgbm,arm,1000,16,32,1,1,0,0,0,1,1774,12,636.299000,615.251000,652.816000
support,lightgbm,arm,1000,16,32,0,0,1,0,0,1,1774,12,633.469000,612.615000,654.888000
support,lightgbm,arm,1000,16,32,1,0,1,0,0,1,1774,12,638.052000,614.660000,652.853000
support,lightgbm,arm,1000,16,32,0,1,1,0,0,1,1774,12,634.177000,614.927000,648.822000
support,lightgbm,arm,1000,16,32,1,1,1,0,0,1,1774,12,629.286000,612.553000,650.447000
support,lightgbm,arm,1000,16,32,0,0,0,0,1,0,1774,21,656.055000,631.867000,699.867000
support,lightgbm,arm,1000,16,32,1,0,0,0,1,0,1774,21,653.582000,630.217000,691.899000
support,lightgbm,arm,1000,16,32,0,1,0,0,1,0,1774,21,651.516000,636.743000,705.746000
support,lightgbm,arm,1000,16,32,1,1,0,0,1,0,1774,21,654.619000,625.535000,695.330000
support,lightgbm,arm,1000,16,32,0,0,1,0,1,0,1774,21,646.366000,626.813000,691.676000
support,lightgbm,arm,1000,16,32,1,0,1,0,1,0,1774,21,648.139000,629.556000,699.276000
support,lightgbm,arm,1000,16,32,0,1,1,0,1,0,1774,21,644.391000,625.979000,705.075000
support,lightgbm,arm,1000,16,32,1,1,1,0,1,0,1774,21,661.338000,629.240000,696.878000
support,lightgbm,arm,1000,16,32,0,0,0,0,1,1,1774,11,648.464000,636.264000,688.249000
support,lightgbm,arm,1000,16,32,1,0,0,0,1,1,1774,11,648.036000,644.928000,684.641000
support,lightgbm,arm,1000,16,32,0,1,0,0,1,1,1774,11,642.059000,629.991000,661.076000
support,lightgbm,arm,1000,16,32,1,1,0,0,1,1,1774,11,644.004000,635.837000,660.316000
support,lightgbm,arm,1000,16,32,0,0,1,0,1,1,1774,11,641.375000,633.651000,674.403000
support,lightgbm,arm,1000,16,32,1,0,1,0,1,1,1774,11,646.520000,626.680000,674.991000
support,lightgbm,arm,1000,16,32,0,1,1,0,1,1,1774,11,643.512000,634.363000,670.480000
support,lightgbm,arm,1000,16,32,1,1,1,0,1,1,1774,11,654.364000,636.607000,684.270000
support,lightgbm,arm,1000,16,32,0,0,0,1,0,0,1774,21,661.405000,618.592000,686.925000
support,lightgbm,arm,1000,16,32,1,0,0,1,0,0,1774,21,658.642000,628.860000,690.545000
support,lightgbm,arm,1000,16,32,0,1,0,1,0,0,1774,21,655.865000,624.830000,684.324000
support,lightgbm,arm,1000,16,32,1,1,0,1,0,0,1774,21,650.269000,619.809000,684.276000
support,lightgbm,arm,1000,16,32,0,0,1,1,0,0,1774,21,654.936000,627.429000,705.282000
support,lightgbm,arm,1000,16,32,1,0,1,1,0,0,1774,21,652.819000,622.317000,697.755000
support,lightgbm,arm,1000,16,32,0,1,1,1,0,0,1774,21,657.887000,618.313000,691.632000
support,lightgbm,arm,1000,16,32,1,1,1,1,0,0,1774,21,660.413000,625.140000,692.169000
support,lightgbm,arm,1000,16,32,0,0,0,1,0,1,1774,11,626.423000,621.100000,645.206000
support,lightgbm,arm,1000,16,32,1,0,0,1,0,1,1774,11,629.095000,623.157000,641.752000
support,lightgbm,arm,1000,16,32,0,1,0,1,0,1,1774,11,633.979000,625.021000,643.643000
support,lightgbm,arm,1000,16,32,1,1,0,1,0,1,1774,11,624.777000,616.313000,655.544000
support,lightgbm,arm,1000,16,32,0,0,1,1,0,1,1774,11,628.443000,613.066000,666.915000
support,lightgbm,arm,1000,16,32,1,0,1,1,0,1,1774,11,631.277000,616.922000,668.005000
support,lightgbm,arm,1000,16,32,0,1,1,1,0,1,1774,11,627.288000,617.919000,650.033000
support,lightgbm,arm,1000,16,32,1,1,1,1,0,1,1774,11,632.656000,616.910000,650.084000
support,lightgbm,arm,1000,16,32,0,0,0,1,1,0,1774,21,646.966000,630.484000,667.599000
support,lightgbm,arm,1000,16,32,1,0,0,1,1,0,1774,21,660.436000,634.640000,690.704000
support,lightgbm,arm,1000,16,32,0,1,0,1,1,0,1774,21,656.781000,632.238000,682.422000
support,lightgbm,arm,1000,16,32,1,1,0,1,1,0,1774,21,657.334000,631.195000,674.629000
support,lightgbm,arm,1000,16,32,0,0,1,1,1,0,1774,21,649.424000,622.811000,676.335000
support,lightgbm,arm,1000,16,32,1,0,1,1,1,0,1774,21,651.573000,634.800000,688.304000
support,lightgbm,arm,1000,16,32,0,1,1,1,1,0,1774,21,654.960000,620.820000,676.049000
support,lightgbm,arm,1000,16,32,1,1,1,1,1,0,1774,21,657.198000,628.702000,671.301000
support,lightgbm,arm,1000,16,32,0,0,0,1,1,1,1774,21,697.203000,619.821000,742.152000
support,lightgbm,arm,1000,16,32,1,0,0,1,1,1,1774,21,703.813000,619.742000,742.997000
support,lightgbm,arm,1000,16,32,0,1,0,1,1,1,1774,21,699.860000,617.211000,742.416000
support,lightgbm,arm,1000,16,32,1,1,0,1,1,1,1774,21,665.633000,627.865000,733.194000
support,lightgbm,arm,1000,16,32,0,0,1,1,1,1,1774,21,667.280000,616.819000,739.048000
support,lightgbm,arm,1000,16,32,1,0,1,1,1,1,1774,21,667.005000,620.130000,734.724000
support,lightgbm,arm,1000,16,32,0,1,1,1,1,1,1774,21,701.539000,618.526000,735.926000
support,lightgbm,arm,1000,16,32,1,1,1,1,1,1,1774,21,699.235000,622.514000,744.312000
support,xgboost,arm,1000,16,32,0,0,0,0,0,0,1774,11,415.353000,409.415000,422.970000
support,xgboost,arm,1000,16,32,1,0,0,0,0,0,1774,11,415.846000,413.099000,421.338000
support,xgboost,arm,1000,16,32,0,1,0,0,0,0,1774,11,413.336000,412.329000,423.345000
support,xgboost,arm,1000,16,32,1,1,0,0,0,0,1774,11,414.941000,412.388000,430.069000
support,xgboost,arm,1000,16,32,0,0,1,0,0,0,1774,11,415.723000,411.695000,422.639000
support,xgboost,arm,1000,16,32,1,0,1,0,0,0,1774,11,418.547000,415.400000,422.757000
support,xgboost,arm,1000,16,32,0,1,1,0,0,0,1774,11,417.189000,412.416000,422.069000
support,xgboost,arm,1000,16,32,1,1,1,0,0,0,1774,11,417.481000,414.880000,424.727000
support,xgboost,arm,1000,16,32,0,0,0,0,0,1,1774,11,416.978000,414.250000,427.563000
support,xgboost,arm,1000,16,32,1,0,0,0,0,1,1774,11,415.001000,413.924000,423.558000
support,xgboost,arm,1000,16,32,0,1,0,0,0,1,1774,11,415.890000,412.134000,420.822000
support,xgboost,arm,1000,16,32,1,1,0,0,0,1,1774,11,414.884000,409.702000,420.729000
support,xgboost,arm,1000,16,32,0,0,1,0,0,1,1774,11,416.328000,409.997000,422.841000
support,xgboost,arm,1000,16,32,1,0,1,0,0,1,1774,11,416.929000,411.801000,423.092000
support,xgboost,arm,1000,16,32,0,1,1,0,0,1,1774,11,418.845000,413.196000,422.359000
support,xgboost,arm,1000,16,32,1,1,1,0,0,1,1774,11,416.889000,411.775000,423.203000
support,xgboost,arm,1000,16,32,0,0,0,0,1,0,1774,11,424.905000,418.980000,435.660000
support,xgboost,arm,1000,16,32,1,0,0,0,1,0,1774,11,427.689000,419.778000,438.061000
support,xgboost,arm,1000,16,32,0,1,0,0,1,0,1774,11,424.769000,416.898000,439.361000
support,xgboost,arm,1000,16,32,1,1,0,0,1,0,1774,11,428.237000,420.145000,439.594000
support,xgboost,arm,1000,16,32,0,0,1,0,1,0,1774,11,426.526000,419.476000,441.117000
support,xgboost,arm,1000,16,32,1,0,1,0,1,0,1774,11,426.342000,417.589000,436.176000
support,xgboost,arm,1000,16,32,0,1,1,0,1,0,1774,11,423.805000,418.661000,438.516000
support,xgboost,arm,1000,16,32,1,1,1,0,1,0,1774,11,426.595000,419.407000,435.921000
support,xgboost,arm,1000,16,32,0,0,0,0,1,1,1774,11,427.803000,422.721000,454.183000
support,xgboost,arm,1000,16,32,1,0,0,0,1,1,1774,11,430.548000,422.444000,435.620000
support,xgboost,arm,1000,16,32,0,1,0,0,1,1,1774,11,430.343000,421.917000,436.238000
support,xgboost,arm,1000,16,32,1,1,0,0,1,1,1774,11,426.517000,420.662000,439.753000
support,xgboost,arm,1000,16,32,0,0,1,0,1,1,1774,11,429.200000,420.597000,436.997000
support,xgboost,arm,1000,16,32,1,0,1,0,1,1,1774,11,425.696000,422.245000,446.479000
support,xgboost,arm,1000,16,32,0,1,1,0,1,1,1774,11,430.016000,423.392000,455.045000
support,xgboost,arm,1000,16,32,1,1,1,0,1,1,1774,11,429.184000,420.750000,450.712000
support,xgboost,arm,1000,16,32,0,0,0,1,0,0,1774,11,435.686000,434.748000,458.955000
support,xgboost,arm,1000,16,32,1,0,0,1,0,0,1774,11,437.322000,429.618000,445.938000
support,xgboost,arm,1000,16,32,0,1,0,1,0,0,1774,11,437.657000,430.638000,445.559000
support,xgboost,arm,1000,16,32,1,1,0,1,0,0,1774,11,439.473000,431.549000,444.783000
support,xgboost,arm,1000,16,32,0,0,1,1,0,0,1774,11,438.531000,426.623000,451.747000
support,xgboost,arm,1000,16,32,1,0,1,1,0,0,1774,11,437.705000,432.008000,449.867000
support,xgboost,arm,1000,16,32,0,1,1,1,0,0,1774,11,438.053000,432.414000,453.558000
support,xgboost,arm,1000,16,32,1,1,1,1,0,0,1774,11,437.299000,431.394000,459.695000
support,xgboost,arm,1000,16,32,0,0,0,1,0,1,1774,11,428.572000,424.029000,443.280000
support,xgboost,arm,1000,16,32,1,0,0,1,0,1,1774,11,430.833000,428.056000,440.388000
support,xgboost,arm,1000,16,32,0,1,0,1,0,1,1774,11,432.296000,424.474000,440.785000
support,xgboost,arm,1000,16,32,1,1,0,1,0,1,1774,11,431.475000,426.621000,440.819000
support,xgboost,arm,1000,16,32,0,0,1,1,0,1,1774,11,432.408000,424.218000,441.461000
support,xgboost,arm,1000,16,32,1,0,1,1,0,1,1774,11,432.708000,426.312000,437.736000
support,xgboost,arm,1000,16,32,0,1,1,1,0,1,1774,11,428.446000,424.235000,442.452000
support,xgboost,arm,1000,16,32,1,1,1,1,0,1,1774,11,430.916000,428.732000,440.095000
support,xgboost,arm,1000,16,32,0,0,0,1,1,0,1774,11,434.674000,425.465000,450.598000
support,xgboost,arm,1000,16,32,1,0,0,1,1,0,1774,11,432.791000,425.361000,456.507000
support,xgboost,arm,1000,16,32,0,1,0,1,1,0,1774,11,434.031000,430.390000,451.484000
support,xgboost,arm,1000,16,32,1,1,0,1,1,0,1774,11,432.305000,428.465000,450.738000
support,xgboost,arm,1000,16,32,0,0,1,1,1,0,1774,11,436.650000,430.848000,448.131000
support,xgboost,arm,1000,16,32,1,0,1,1,1,0,1774,11,435.667000,425.293000,444.148000
support,xgboost,arm,1000,16,32,0,1,1,1,1,0,1774,11,434.850000,431.371000,450.840000
support,xgboost,arm,1000,16,32,1,1,1,1,1,0,1774,11,433.951000,429.264000,459.049000
support,xgboost,arm,1000,16,32,0,0,0,1,1,1,1774,11,436.648000,431.195000,449.685000
support,xgboost,arm,1000,16,32,1,0,0,1,1,1,1774,11,438.002000,433.619000,450.667000
support,xgboost,arm,1000,16,32,0,1,0,1,1,1,1774,11,440.525000,432.896000,447.851000
support,xgboost,arm,1000,16,32,1,1,0,1,1,1,1774,11,437.634000,431.057000,454.125000
support,xgboost,arm,1000,16,32,0,0,1,1,1,1,1774,11,438.438000,430.544000,456.003000
support,xgboost,arm,1000,16,32,1,0,1,1,1,1,1774,11,438.763000,430.646000,445.180000
support,xgboost,arm,1000,16,32,0,1,1,1,1,1,1774,11,437.757000,427.987000,451.707000
support,xgboost,arm,1000,16,32,1,1,1,1,1,1,1774,11,436.413000,431.247000,447.263000
support,lightgbm,arm,500,4,16,0,0,0,0,0,0,1774,11,15.619000,15.430000,15.876000
support,lightgbm,arm,500,4,16,1,0,0,0,0,0,1774,11,15.617000,15.485000,16.100000
support,lightgbm,arm,500,4,16,0,1,0,0,0,0,1774,11,15.636000,15.398000,16.035000
support,lightgbm,arm,500,4,16,1,1,0,0,0,0,1774,11,15.643000,15.417000,15.838000
support,lightgbm,arm,500,4,16,0,0,1,0,0,0,1774,11,15.590000,15.342000,15.875000
support,lightgbm,arm,500,4,16,1,0,1,0,0,0,1774,11,15.601000,15.453000,15.844000
support,lightgbm,arm,500,4,16,0,1,1,0,0,0,1774,11,15.619000,15.411000,15.867000
support,lightgbm,arm,500,4,16,1,1,1,0,0,0,1774,11,15.718000,15.459000,15.874000
support,lightgbm,arm,500,4,16,0,0,0,0,0,1,1774,11,15.702000,15.533000,16.001000
support,lightgbm,arm,500,4,16,0,0,0,0,1,0,1774,11,15.504000,15.330000,15.684000
support,lightgbm,arm,500,4,16,0,0,0,0,1,1,1774,11,15.515000,15.315000,15.809000
support,lightgbm,arm,500,4,16,0,0,0,1,0,0,1774,11,17.549000,17.287000,17.869000
support,lightgbm,arm,500,4,16,0,0,0,1,0,1,1774,11,17.539000,17.356000,17.742000
support,lightgbm,arm,500,4,16,0,0,0,1,1,0,1774,11,17.179000,16.902000,17.352000
support,lightgbm,arm,500,4,16,0,0,0,1,1,1,1774,11,17.093000,16.880000,17.406000
support,xgboost,arm,500,4,16,0,0,0,0,0,0,1774,11,16.426000,16.278000,16.669000
support,xgboost,arm,500,4,16,1,0,0,0,0,0,1774,11,16.409000,16.340000,16.853000
support,xgboost,arm,500,4,16,0,1,0,0,0,0,1774,11,16.397000,16.263000,16.746000
support,xgboost,arm,500,4,16,1,1,0,0,0,0,1774,11,16.511000,16.258000,16.671000
support,xgboost,arm,500,4,16,0,0,1,0,0,0,1774,11,16.427000,16.312000,16.663000
support,xgboost,arm,500,4,16,1,0,1,0,0,0,1774,11,16.479000,16.224000,16.685000
support,xgboost,arm,500,4,16,0,1,1,0,0,0,1774,11,16.538000,16.248000,16.792000
support,xgboost,arm,500,4,16,1,1,1,0,0,0,1774,11,16.449000,16.358000,16.673000
support,xgboost,arm,500,4,16,0,0,0,0,0,1,1774,11,16.535000,16.356000,16.854000
support,xgboost,arm,500,4,16,0,0,0,0,1,0,1774,11,16.456000,16.338000,16.704000
support,xgboost,arm,500,4,16,0,0,0,0,1,1,1774,11,16.426000,16.323000,16.653000
support,xgboost,arm,500,4,16,0,0,0,1,0,0,1774,11,18.422000,18.209000,18.683000
support,xgboost,arm,500,4,16,0,0,0,1,0,1,1774,11,18.034000,17.867000,18.278000
support,xgboost,arm,500,4,16,0,0,0,1,1,0,1774,11,18.208000,18.059000,18.474000
support,xgboost,arm,500,4,16,0,0,0,1,1,1,1774,11,18.144000,18.028000,18.420000
support,lightgbm,arm,500,8,128,0,0,0,0,0,0,1774,11,116.562000,116.112000,117.807000
support,lightgbm,arm,500,8,128,1,0,0,0,0,0,1774,11,116.468000,115.572000,117.695000
support,lightgbm,arm,500,8,128,0,1,0,0,0,0,1774,11,116.256000,115.988000,117.568000
support,lightgbm,arm,500,8,128,1,1,0,0,0,0,1774,11,116.082000,115.701000,117.440000
support,lightgbm,arm,500,8,128,0,0,1,0,0,0,1774,11,116.397000,116.214000,118.003000
support,lightgbm,arm,500,8,128,1,0,1,0,0,0,1774,11,116.570000,115.779000,117.292000
support,lightgbm,arm,500,8,128,0,1,1,0,0,0,1774,11,116.287000,115.857000,117.231000
support,lightgbm,arm,500,8,128,1,1,1,0,0,0,1774,11,116.521000,115.802000,117.521000
support,lightgbm,arm,500,8,128,0,0,0,0,0,1,1774,11,116.954000,116.137000,118.083000
support,lightgbm,arm,500,8,128,0,0,0,0,1,0,1774,11,116.819000,116.432000,117.481000
support,lightgbm,arm,500,8,128,0,0,0,0,1,1,1774,11,116.998000,116.464000,118.379000
support,lightgbm,arm,500,8,128,0,0,0,1,0,0,1774,11,118.621000,117.768000,119.044000
support,lightgbm,arm,500,8,128,0,0,0,1,0,1,1774,11,118.300000,117.637000,119.339000
support,lightgbm,arm,500,8,128,0,0,0,1,1,0,1774,11,118.427000,117.643000,118.996000
support,lightgbm,arm,500,8,128,0,0,0,1,1,1,1774,11,117.894000,117.561000,118.838000
support,xgboost,arm,500,8,128,0,0,0,0,0,0,1774,11,121.408000,120.966000,122.862000
support,xgboost,arm,500,8,128,1,0,0,0,0,0,1774,11,121.331000,120.673000,123.003000
support,xgboost,arm,500,8,128,0,1,0,0,0,0,1774,11,121.231000,120.785000,122.502000
support,xgboost,arm,500,8,128,1,1,0,0,0,0,1774,11,121.334000,120.624000,122.882000
support,xgboost,arm,500,8,128,0,0,1,0,0,0,1774,11,121.342000,120.691000,122.944000
support,xgboost,arm,500,8,128,1,0,1,0,0,0,1774,11,121.391000,120.921000,122.322000
support,xgboost,arm,500,8,128,0,1,1,0,0,0,1774,11,121.312000,120.481000,122.830000
support,xgboost,arm,500,8,128,1,1,1,0,0,0,1774,11,121.671000,120.267000,122.309000
support,xgboost,arm,500,8,128,0,0,0,0,0,1,1774,11,121.851000,121.377000,123.152000
support,xgboost,arm,500,8,128,0,0,0,0,1,0,1774,11,122.245000,121.912000,123.112000
support,xgboost,arm,500,8,128,0,0,0,0,1,1,1774,11,122.208000,121.783000,124.030000
support,xgboost,arm,500,8,128,0,0,0,1,0,0,1774,11,122.784000,122.244000,123.994000
support,xgboost,arm,500,8,128,0,0,0,1,0,1,1774,11,123.008000,122.152000,124.423000
support,xgboost,arm,500,8,128,0,0,0,1,1,0,1774,11,123.371000,122.440000,124.599000
support,xgboost,arm,500,8,128,0,0,0,1,1,1,1774,11,123.283000,122.706000,124.430000
support,lightgbm,arm,500,8,16,0,0,0,0,0,0,1774,11,43.657000,43.495000,44.710000
support,lightgbm,arm,500,8,16,1,0,0,0,0,0,1774,11,43.719000,43.437000,45.175000
support,lightgbm,arm,500,8,16,0,1,0,0,0,0,1774,11,43.745000,43.286000,44.992000
support,lightgbm,arm,500,8,16,1,1,0,0,0,0,1774,11,43.739000,43.257000,44.849000
support,lightgbm,arm,500,8,16,0,0,1,0,0,0,1774,11,43.726000,43.211000,45.628000
support,lightgbm,arm,500,8,16,1,0,1,0,0,0,1774,11,43.761000,43.393000,44.949000
support,lightgbm,arm,500,8,16,0,1,1,0,0,0,1774,11,43.671000,43.326000,45.035000
support,lightgbm,arm,500,8,16,1,1,1,0,0,0,1774,11,43.596000,43.473000,44.947000
support,lightgbm,arm,500,8,16,0,0,0,0,0,1,1774,11,44.019000,43.473000,44.785000
support,lightgbm,arm,500,8,16,1,0,0,0,0,1,1774,11,43.601000,43.332000,45.303000
support,lightgbm,arm,500,8,16,0,1,0,0,0,1,1774,11,43.720000,43.555000,44.940000
support,lightgbm,arm,500,8,16,1,1,0,0,0,1,1774,11,43.671000,43.469000,45.176000
support,lightgbm,arm,500,8,16,0,0,1,0,0,1,1774,11,43.541000,43.348000,44.968000
support,lightgbm,arm,500,8,16,1,0,1,0,0,1,1774,11,43.814000,43.465000,45.170000
support,lightgbm,arm,500,8,16,0,1,1,0,0,1,1774,11,43.876000,43.499000,45.218000
support,lightgbm,arm,500,8,16,1,1,1,0,0,1,1774,11,43.903000,43.286000,44.767000
support,lightgbm,arm,500,8,16,0,0,0,0,1,0,1774,11,43.935000,43.707000,45.374000
support,lightgbm,arm,500,8,16,1,0,0,0,1,0,1774,11,43.717000,43.423000,45.560000
support,lightgbm,arm,500,8,16,0,1,0,0,1,0,1774,11,43.985000,43.124000,45.354000
support,lightgbm,arm,500,8,16,1,1,0,0,1,0,1774,11,43.711000,43.492000,45.584000
support,lightgbm,arm,500,8,16,0,0,1,0,1,0,1774,11,43.904000,43.422000,44.958000
support,lightgbm,arm,500,8,16,1,0,1,0,1,0,1774,11,43.964000,43.581000,44.950000
support,lightgbm,arm,500,8,16,0,1,1,0,1,0,1774,11,43.761000,43.383000,44.994000
support,lightgbm,arm,500,8,16,1,1,1,0,1,0,1774,11,43.736000,43.356000,45.223000
support,lightgbm,arm,500,8,16,0,0,0,0,1,1,1774,11,44.021000,43.498000,45.099000
support,lightgbm,arm,500,8,16,1,0,0,0,1,1,1774,11,44.029000,43.616000,45.642000
support,lightgbm,arm,500,8,16,0,1,0,0,1,1,1774,11,44.138000,43.510000,45.323000
support,lightgbm,arm,500,8,16,1,1,0,0,1,1,1774,11,43.881000,43.707000,45.437000
support,lightgbm,arm,500,8,16,0,0,1,0,1,1,1774,11,43.877000,43.572000,45.368000
support,lightgbm,arm,500,8,16,1,0,1,0,1,1,1774,11,44.076000,43.600000,45.123000
support,lightgbm,arm,500,8,16,0,1,1,0,1,1,1774,11,44.132000,43.549000,45.198000
support,lightgbm,arm,500,8,16,1,1,1,0,1,1,1774,11,43.875000,43.574000,45.333000
support,lightgbm,arm,500,8,16,0,0,0,1,0,0,1774,11,45.344000,45.135000,46.652000
support,lightgbm,arm,500,8,16,1,0,0,1,0,0,1774,11,45.305000,45.043000,47.050000
support,lightgbm,arm,500,8,16,0,1,0,1,0,0,1774,11,45.545000,45.230000,47.160000
support,lightgbm,arm,500,8,16,1,1,0,1,0,0,1774,11,45.424000,45.030000,46.947000
support,lightgbm,arm,500,8,16,0,0,1,1,0,0,1774,11,45.168000,45.055000,46.652000
support,lightgbm,arm,500,8,16,1,0,1,1,0,0,1774,11,45.350000,45.207000,46.661000
support,lightgbm,arm,500,8,16,0,1,1,1,0,0,1774,11,45.436000,45.066000,46.693000
support,lightgbm,arm,500,8,16,1,1,1,1,0,0,1774,11,45.284000,44.893000,46.618000
support,lightgbm,arm,500,8,16,0,0,0,1,0,1,1774,11,45.452000,44.894000,46.628000
support,lightgbm,arm,500,8,16,1,0,0,1,0,1,1774,11,45.232000,44.986000,47.142000
support,lightgbm,arm,500,8,16,0,1,0,1,0,1,1774,11,45.418000,44.868000,47.079000
support,lightgbm,arm,500,8,16,1,1,0,1,0,1,1774,11,45.397000,45.041000,46.986000
support,lightgbm,arm,500,8,16,0,0,1,1,0,1,1774,11,45.422000,45.187000,46.463000
support,lightgbm,arm,500,8,16,1,0,1,1,0,1,1774,11,45.281000,44.856000,46.677000
support,lightgbm,arm,500,8,16,0,1,1,1,0,1,1774,11,45.216000,45.033000,46.705000
support,lightgbm,arm,500,8,16,1,1,1,1,0,1,1774,11,45.409000,44.949000,46.961000
support,lightgbm,arm,500,8,16,0,0,0,1,1,0,1774,11,45.531000,45.400000,47.156000
support,lightgbm,arm,500,8,16,1,0,0,1,1,0,1774,11,45.389000,45.244000,47.061000
support,lightgbm,arm,500,8,16,0,1,0,1,1,0,1774,11,45.467000,45.190000,47.117000
support,lightgbm,arm,500,8,16,1,1,0,1,1,0,1774,11,45.597000,45.422000,47.019000
support,lightgbm,arm,500,8,16,0,0,1,1,1,0,1774,11,45.466000,45.132000,47.031000
support,lightgbm,arm,500,8,16,1,0,1,1,1,0,1774,11,45.489000,45.123000,47.007000
support,lightgbm,arm,500,8,16,0,1,1,1,1,0,1774,11,45.637000,45.307000,46.768000
support,lightgbm,arm,500,8,16,1,1,1,1,1,0,1774,11,45.460000,45.324000,46.899000
support,lightgbm,arm,500,8,16,0,0,0,1,1,1,1774,11,45.680000,45.289000,47.371000
support,lightgbm,arm,500,8,16,1,0,0,1,1,1,1774,11,45.659000,45.357000,47.193000
support,lightgbm,arm,500,8,16,0,1,0,1,1,1,1774,11,45.721000,45.235000,46.950000
support,lightgbm,arm,500,8,16,1,1,0,1,1,1,1774,11,45.623000,45.510000,47.160000
support,lightgbm,arm,500,8,16,0,0,1,1,1,1,1774,11,45.747000,45.117000,46.797000
support,lightgbm,arm,500,8,16,1,0,1,1,1,1,1774,11,45.767000,45.388000,47.025000
support,lightgbm,arm,500,8,16,0,1,1,1,1,1,1774,11,45.791000,45.138000,46.716000
support,lightgbm,arm,500,8,16,1,1,1,1,1,1,1774,11,45.651000,45.162000,47.062000
support,xgboost,arm,500,8,16,0,0,0,0,0,0,1774,11,43.202000,42.731000,44.526000
support,xgboost,arm,500,8,16,1,0,0,0,0,0,1774,11,43.375000,42.872000,44.865000
support,xgboost,arm,500,8,16,0,1,0,0,0,0,1774,11,43.490000,43.012000,44.703000
support,xgboost,arm,500,8,16,1,1,0,0,0,0,1774,11,43.418000,43.135000,44.842000
support,xgboost,arm,500,8,16,0,0,1,0,0,0,1774,11,43.410000,42.924000,44.077000
support,xgboost,arm,500,8,16,1,0,1,0,0,0,1774,11,43.469000,42.776000,44.461000
support,xgboost,arm,500,8,16,0,1,1,0,0,0,1774,11,43.366000,42.921000,44.200000
support,xgboost,arm,500,8,16,1,1,1,0,0,0,1774,11,43.426000,43.003000,44.496000
support,xgboost,arm,500,8,16,0,0,0,0,0,1,1774,11,43.433000,42.945000,44.256000
support,xgboost,arm,500,8,16,1,0,0,0,0,1,1774,11,43.570000,43.040000,44.493000
support,xgboost,arm,500,8,16,0,1,0,0,0,1,1774,11,43.389000,42.964000,44.147000
support,xgboost,arm,500,8,16,1,1,0,0,0,1,1774,11,43.570000,42.731000,44.374000
support,xgboost,arm,500,8,16,0,0,1,0,0,1,1774,11,43.349000,42.829000,44.287000
support,xgboost,arm,500,8,16,1,0,1,0,0,1,1774,11,43.369000,42.803000,44.547000
support,xgboost,arm,500,8,16,0,1,1,0,0,1,1774,11,43.434000,43.117000,44.028000
support,xgboost,arm,500,8,16,1,1,1,0,0,1,1774,11,43.391000,43.211000,44.260000
support,xgboost,arm,500,8,16,0,0,0,0,1,0,1774,11,43.948000,43.563000,44.854000
support,xgboost,arm,500,8,16,1,0,0,0,1,0,1774,11,43.729000,43.098000,45.228000
support,xgboost,arm,500,8,16,0,1,0,0,1,0,1774,11,43.624000,43.368000,44.895000
support,xgboost,arm,500,8,16,1,1,0,0,1,0,1774,11,43.864000,43.236000,45.542000
support,xgboost,arm,500,8,16,0,0,1,0,1,0,1774,11,43.819000,43.226000,45.151000
support,xgboost,arm,500,8,16,1,0,1,0,1,0,1774,11,43.866000,43.089000,45.363000
support,xgboost,arm,500,8,16,0,1,1,0,1,0,1774,11,43.678000,42.959000,45.149000
support,xgboost,arm,500,8,16,1,1,1,0,1,0,1774,11,43.897000,43.053000,44.558000
support,xgboost,arm,500,8,16,0,0,0,0,1,1,1774,11,43.885000,43.313000,44.773000
support,xgboost,arm,500,8,16,1,0,0,0,1,1,1774,11,43.786000,43.396000,45.085000
support,xgboost,arm,500,8,16,0,1,0,0,1,1,1774,11,43.770000,43.154000,44.970000
support,xgboost,arm,500,8,16,1,1,0,0,1,1,1774,11,43.925000,43.325000,44.982000
support,xgboost,arm,500,8,16,0,0,1,0,1,1,1774,11,43.805000,43.450000,45.264000
support,xgboost,arm,500,8,16,1,0,1,0,1,1,1774,11,43.868000,43.471000,44.839000
support,xgboost,arm,500,8,16,0,1,1,0,1,1,1774,11,44.050000,43.156000,44.671000
support,xgboost,arm,500,8,16,1,1,1,0,1,1,1774,11,43.771000,43.501000,44.957000
support,xgboost,arm,500,8,16,0,0,0,1,0,0,1774,11,44.489000,44.178000,45.497000
support,xgboost,arm,500,8,16,1,0,0,1,0,0,1774,11,44.418000,43.968000,45.622000
support,xgboost,arm,500,8,16,0,1,0,1,0,0,1774,11,44.661000,43.993000,45.757000
support,xgboost,arm,500,8,16,1,1,0,1,0,0,1774,11,44.754000,44.045000,45.949000
support,xgboost,arm,500,8,16,0,0,1,1,0,0,1774,11,44.457000,44.225000,45.680000
support,xgboost,arm,500,8,16,1,0,1,1,0,0,1774,11,44.469000,43.762000,45.521000
support,xgboost,arm,500,8,16,0,1,1,1,0,0,1774,11,44.474000,44.054000,45.562000
support,xgboost,arm,500,8,16,1,1,1,1,0,0,1774,11,44.552000,44.128000,45.750000
support,xgboost,arm,500,8,16,0,0,0,1,0,1,1774,11,44.494000,43.735000,45.242000
support,xgboost,arm,500,8,16,1,0,0,1,0,1,1774,11,44.541000,44.111000,45.830000
support,xgboost,arm,500,8,16,0,1,0,1,0,1,1774,11,44.601000,43.973000,45.732000
support,xgboost,arm,500,8,16,1,1,0,1,0,1,1774,11,44.564000,44.092000,45.303000
support,xgboost,arm,500,8,16,0,0,1,1,0,1,1774,11,44.516000,43.914000,45.130000
support,xgboost,arm,500,8,16,1,0,1,1,0,1,1774,11,44.405000,44.049000,45.458000
support,xgboost,arm,500,8,16,0,1,1,1,0,1,1774,11,44.544000,43.874000,45.213000
support,xgboost,arm,500,8,16,1,1,1,1,0,1,1774,11,44.485000,44.050000,45.388000
support,xgboost,arm,500,8,16,0,0,0,1,1,0,1774,11,45.096000,44.519000,46.053000
support,xgboost,arm,500,8,16,1,0,0,1,1,0,1774,11,45.116000,44.688000,46.420000
support,xgboost,arm,500,8,16,0,1,0,1,1,0,1774,11,45.122000,44.534000,45.776000
support,xgboost,arm,500,8,16,1,1,0,1,1,0,1774,11,45.088000,44.589000,46.466000
support,xgboost,arm,500,8,16,0,0,1,1,1,0,1774,11,44.961000,44.695000,46.210000
support,xgboost,arm,500,8,16,1,0,1,1,1,0,1774,11,45.157000,44.822000,45.921000
support,xgboost,arm,500,8,16,0,1,1,1,1,0,1774,11,45.080000,44.602000,45.818000
support,xgboost,arm,500,8,16,1,1,1,1,1,0,1774,11,45.183000,44.483000,46.274000
support,xgboost,arm,500,8,16,0,0,0,1,1,1,1774,11,45.026000,44.585000,45.685000
support,xgboost,arm,500,8,16,1,0,0,1,1,1,1774,11,44.926000,44.276000,46.381000
support,xgboost,arm,500,8,16,0,1,0,1,1,1,1774,11,44.819000,44.511000,46.253000
support,xgboost,arm,500,8,16,1,1,0,1,1,1,1774,11,45.087000,44.600000,45.940000
support,xgboost,arm,500,8,16,0,0,1,1,1,1,1774,11,45.222000,44.422000,45.776000
support,xgboost,arm,500,8,16,1,0,1,1,1,1,1774,11,45.108000,44.603000,45.825000
support,xgboost,arm,500,8,16,0,1,1,1,1,1,1774,11,45.184000,44.557000,45.751000
support,xgboost,arm,500,8,16,1,1,1,1,1,1,1774,11,45.141000,44.744000,46.171000
support,lightgbm,arm,500,8,4,0,0,0,0,0,0,1774,11,30.093000,29.894000,30.623000
support,lightgbm,arm,500,8,4,1,0,0,0,0,0,1774,11,30.116000,29.820000,30.839000
support,lightgbm,arm,500,8,4,0,1,0,0,0,0,1774,11,30.078000,29.946000,30.770000
support,lightgbm,arm,500,8,4,1,1,0,0,0,0,1774,11,30.230000,29.846000,30.856000
support,lightgbm,arm,500,8,4,0,0,1,0,0,0,1774,11,30.162000,29.922000,30.716000
support,lightgbm,arm,500,8,4,1,0,1,0,0,0,1774,11,30.048000,29.732000,30.861000
support,lightgbm,arm,500,8,4,0,1,1,0,0,0,1774,11,30.129000,29.818000,30.809000
support,lightgbm,arm,500,8,4,1,1,1,0,0,0,1774,11,30.045000,29.719000,30.614000
support,lightgbm,arm,500,8,4,0,0,0,0,0,1,1774,11,30.454000,30.293000,30.820000
support,lightgbm,arm,500,8,4,0,0,0,0,1,0,1774,11,30.847000,30.364000,31.431000
support,lightgbm,arm,500,8,4,0,0,0,0,1,1,1774,11,30.657000,30.422000,31.279000
support,lightgbm,arm,500,8,4,0,0,0,1,0,0,1774,11,32.067000,31.687000,32.726000
support,lightgbm,arm,500,8,4,0,0,0,1,0,1,1774,11,31.930000,31.636000,32.866000
support,lightgbm,arm,500,8,4,0,0,0,1,1,0,1774,11,32.293000,31.900000,32.722000
support,lightgbm,arm,500,8,4,0,0,0,1,1,1,1774,11,32.177000,31.838000,32.630000
support,xgboost,arm,500,8,4,0,0,0,0,0,0,1774,11,30.835000,30.332000,31.113000
support,xgboost,arm,500,8,4,1,0,0,0,0,0,1774,11,30.693000,30.302000,31.341000
support,xgboost,arm,500,8,4,0,1,0,0,0,0,1774,11,30.766000,30.305000,31.520000
support,xgboost,arm,500,8,4,1,1,0,0,0,0,1774,11,30.777000,30.165000,31.192000
support,xgboost,arm,500,8,4,0,0,1,0,0,0,1774,11,30.752000,30.259000,31.142000
support,xgboost,arm,500,8,4,1,0,1,0,0,0,1774,11,30.798000,30.286000,31.203000
support,xgboost,arm,500,8,4,0,1,1,0,0,0,1774,11,30.631000,30.417000,31.231000
support,xgboost,arm,500,8,4,1,1,1,0,0,0,1774,11,30.521000,30.349000,31.154000
support,xgboost,arm,500,8,4,0,0,0,0,0,1,1774,11,31.181000,30.723000,31.695000
support,xgboost,arm,500,8,4,0,0,0,0,1,0,1774,11,31.382000,31.193000,32.348000
support,xgboost,arm,500,8,4,0,0,0,0,1,1,1774,11,31.486000,31.011000,32.185000
support,xgboost,arm,500,8,4,0,0,0,1,0,0,1774,11,32.171000,31.760000,32.921000
support,xgboost,arm,500,8,4,0,0,0,1,0,1,1774,11,32.048000,31.868000,32.722000
support,xgboost,arm,500,8,4,0,0,0,1,1,0,1774,11,32.626000,32.328000,33.690000
support,xgboost,arm,500,8,4,0,0,0,1,1,1,1774,11,32.639000,32.199000,33.544000
support,lightgbm,arm,500,8,64,0,0,0,0,0,0,1774,11,65.052000,64.264000,66.104000
support,lightgbm,arm,500,8,64,1,0,0,0,0,0,1774,11,64.962000,64.321000,66.450000
support,lightgbm,arm,500,8,64,0,1,0,0,0,0,1774,11,64.942000,64.440000,66.493000
support,lightgbm,arm,500,8,64,1,1,0,0,0,0,1774,11,64.954000,64.423000,66.223000
support,lightgbm,arm,500,8,64,0,0,1,0,0,0,1774,11,64.910000,64.238000,66.018000
support,lightgbm,arm,500,8,64,1,0,1,0,0,0,1774,11,64.900000,64.287000,65.575000
support,lightgbm,arm,500,8,64,0,1,1,0,0,0,1774,11,65.208000,64.225000,66.005000
support,lightgbm,arm,500,8,64,1,1,1,0,0,0,1774,11,64.869000,64.107000,66.102000
support,lightgbm,arm,500,8,64,0,0,0,0,0,1,1774,11,66.256000,65.485000,67.276000
support,lightgbm,arm,500,8,64,0,0,0,0,1,0,1774,11,64.985000,64.662000,65.955000
support,lightgbm,arm,500,8,64,0,0,0,0,1,1,1774,11,65.127000,64.547000,66.204000
support,lightgbm,arm,500,8,64,0,0,0,1,0,0,1774,11,66.090000,65.167000,66.620000
support,lightgbm,arm,500,8,64,0,0,0,1,0,1,1774,11,66.007000,65.448000,66.603000
support,lightgbm,arm,500,8,64,0,0,0,1,1,0,1774,11,65.213000,64.428000,66.232000
support,lightgbm,arm,500,8,64,0,0,0,1,1,1,1774,11,65.201000,64.403000,65.900000
support,xgboost,arm,500,8,64,0,0,0,0,0,0,1774,11,71.145000,70.209000,72.221000
support,xgboost,arm,500,8,64,1,0,0,0,0,0,1774,11,71.112000,70.371000,72.424000
support,xgboost,arm,500,8,64,0,1,0,0,0,0,1774,11,71.117000,70.049000,72.462000
support,xgboost,arm,500,8,64,1,1,0,0,0,0,1774,11,70.966000,70.200000,72.131000
support,xgboost,arm,500,8,64,0,0,1,0,0,0,1774,11,70.947000,70.018000,72.337000
support,xgboost,arm,500,8,64,1,0,1,0,0,0,1774,11,71.200000,70.338000,72.186000
support,xgboost,arm,500,8,64,0,1,1,0,0,0,1774,11,70.959000,69.977000,71.729000
support,xgboost,arm,500,8,64,1,1,1,0,0,0,1774,11,71.189000,70.521000,72.692000
support,xgboost,arm,500,8,64,0,0,0,0,0,1,1774,11,71.896000,70.859000,72.710000
support,xgboost,arm,500,8,64,0,0,0,0,1,0,1774,11,71.860000,71.081000,72.612000
support,xgboost,arm,500,8,64,0,0,0,0,1,1,1774,11,71.731000,71.093000,72.755000
support,xgboost,arm,500,8,64,0,0,0,1,0,0,1774,11,72.622000,71.409000,73.185000
support,xgboost,arm,500,8,64,0,0,0,1,0,1,1774,11,72.174000,71.744000,73.217000
support,xgboost,arm,500,8,64,0,0,0,1,1,0,1774,11,72.588000,71.766000,73.288000
support,xgboost,arm,500,8,64,0,0,0,1,1,1,1774,11,72.354000,71.875000,73.334000
support,lightgbm,arm,50,4,1,0,0,0,0,0,0,1774,21,0.597000,0.586000,0.663000
support,lightgbm,arm,50,4,1,1,0,0,0,0,0,1774,21,0.599000,0.580000,0.661000
support,lightgbm,arm,50,4,1,0,1,0,0,0,0,1774,21,0.603000,0.581000,0.659000
support,lightgbm,arm,50,4,1,1,1,0,0,0,0,1774,21,0.606000,0.582000,0.659000
support,lightgbm,arm,50,4,1,0,0,1,0,0,0,1774,21,0.607000,0.576000,0.656000
support,lightgbm,arm,50,4,1,1,0,1,0,0,0,1774,21,0.604000,0.571000,0.643000
support,lightgbm,arm,50,4,1,0,1,1,0,0,0,1774,21,0.603000,0.581000,0.636000
support,lightgbm,arm,50,4,1,1,1,1,0,0,0,1774,21,0.602000,0.576000,0.636000
support,lightgbm,arm,50,4,1,0,0,0,0,0,1,1774,18,0.641000,0.607000,0.658000
support,lightgbm,arm,50,4,1,0,0,0,0,1,0,1774,11,0.681000,0.665000,0.723000
support,lightgbm,arm,50,4,1,0,0,0,0,1,1,1774,11,0.660000,0.651000,0.684000
support,lightgbm,arm,50,4,1,0,0,0,1,0,0,1774,21,0.737000,0.692000,0.773000
support,lightgbm,arm,50,4,1,0,0,0,1,0,1,1774,21,0.713000,0.682000,0.744000
support,lightgbm,arm,50,4,1,0,0,0,1,1,0,1774,21,0.812000,0.782000,0.847000
support,lightgbm,arm,50,4,1,0,0,0,1,1,1,1774,17,0.798000,0.752000,0.820000
support,xgboost,arm,50,4,1,0,0,0,0,0,0,1774,21,0.646000,0.612000,0.699000
support,xgboost,arm,50,4,1,1,0,0,0,0,0,1774,21,0.642000,0.624000,0.738000
support,xgboost,arm,50,4,1,0,1,0,0,0,0,1774,21,0.651000,0.612000,0.708000
support,xgboost,arm,50,4,1,1,1,0,0,0,0,1774,21,0.650000,0.610000,0.720000
support,xgboost,arm,50,4,1,0,0,1,0,0,0,1774,21,0.648000,0.602000,0.702000
support,xgboost,arm,50,4,1,1,0,1,0,0,0,1774,21,0.654000,0.601000,0.690000
support,xgboost,arm,50,4,1,0,1,1,0,0,0,1774,21,0.656000,0.616000,0.698000
support,xgboost,arm,50,4,1,1,1,1,0,0,0,1774,21,0.647000,0.615000,0.684000
support,xgboost,arm,50,4,1,0,0,0,0,0,1,1774,11,0.679000,0.652000,0.705000
support,xgboost,arm,50,4,1,0,0,0,0,1,0,1774,11,0.731000,0.719000,0.758000
support,xgboost,arm,50,4,1,0,0,0,0,1,1,1774,11,0.709000,0.686000,0.729000
support,xgboost,arm,50,4,1,0,0,0,1,0,0,1774,21,0.782000,0.730000,0.838000
support,xgboost,arm,50,4,1,0,0,0,1,0,1,1774,21,0.756000,0.708000,0.791000
support,xgboost,arm,50,4,1,0,0,0,1,1,0,1774,12,0.899000,0.871000,0.920000
support,xgboost,arm,50,4,1,0,0,0,1,1,1,1774,21,0.852000,0.798000,0.892000
