dataset,framework,arch,n_trees,max_depth,group_dist,mean_group_size,n_groups,method,n_obs,iters,median_us,p5_us,p95_us
expedia,lightgbm,intel,1000,16,empirical,22.7,10000,treewalker_fullwalk,10000,11,1937.281000,1908.691000,1983.246000
expedia,lightgbm,intel,1000,16,empirical,22.7,10000,treewalker,10000,11,1186.065000,1151.362000,1217.058000
expedia,lightgbm,intel,1000,16,empirical,22.7,10000,lleaves,10000,11,2415.528000,2387.020000,2522.754000
expedia,lightgbm,intel,1000,16,empirical,22.7,10000,tl2cgen,10000,11,8375.257000,8032.606000,8542.871000
expedia,lightgbm,intel,1000,16,empirical,22.7,10000,lightgbm_native,10000,11,13213.120000,12807.482000,13583.823000
expedia,xgboost,intel,1000,16,empirical,22.7,10000,treewalker_fullwalk,10000,11,1931.974000,1881.950000,1965.320000
expedia,xgboost,intel,1000,16,empirical,22.7,10000,treewalker,10000,11,1045.170000,1030.647000,1065.153000
expedia,xgboost,intel,1000,16,empirical,22.7,10000,tl2cgen,10000,11,758.840000,736.555000,770.909000
expedia,xgboost,intel,1000,16,empirical,22.7,10000,xgboost_native,10000,11,292.884000,291.630000,294.146000
expedia,lightgbm,intel,1000,16,fixed8,8.0,216,treewalker_fullwalk,216,21,1011.406000,935.966000,1095.062000
expedia,lightgbm,intel,1000,16,fixed8,8.0,216,treewalker,216,21,703.374000,643.260000,930.170000
expedia,lightgbm,intel,1000,16,fixed8,8.0,216,lleaves,216,21,1568.024000,1517.157000,1647.158000
expedia,lightgbm,intel,1000,16,fixed8,8.0,216,tl2cgen,216,21,3099.694000,2934.944000,3319.814000
expedia,lightgbm,intel,1000,16,fixed8,8.0,216,lightgbm_native,216,21,4225.017000,4145.156000,4330.352000
expedia,xgboost,intel,1000,16,fixed8,8.0,216,treewalker_fullwalk,216,21,755.275000,705.436000,812.450000
expedia,xgboost,intel,1000,16,fixed8,8.0,216,treewalker,216,21,613.721000,573.850000,645.873000
expedia,xgboost,intel,1000,16,fixed8,8.0,216,tl2cgen,216,21,254.602000,226.774000,264.044000
expedia,xgboost,intel,1000,16,fixed8,8.0,216,xgboost_native,216,21,297.102000,277.891000,298.677000
expedia,lightgbm,intel,1000,16,fixed16,16.0,209,treewalker_fullwalk,209,21,1660.383000,1549.601000,1805.363000
expedia,lightgbm,intel,1000,16,fixed16,16.0,209,treewalker,209,21,1001.057000,932.341000,1327.217000
expedia,lightgbm,intel,1000,16,fixed16,16.0,209,lleaves,209,21,2375.839000,2233.199000,2532.174000
expedia,lightgbm,intel,1000,16,fixed16,16.0,209,tl2cgen,209,21,5762.271000,5589.862000,6110.915000
expedia,lightgbm,intel,1000,16,fixed16,16.0,209,lightgbm_native,209,21,8431.698000,8361.880000,8621.818000
expedia,xgboost,intel,1000,16,fixed16,16.0,209,treewalker_fullwalk,209,21,1304.421000,1274.055000,1417.910000
expedia,xgboost,intel,1000,16,fixed16,16.0,209,treewalker,209,21,864.589000,804.857000,931.275000
expedia,xgboost,intel,1000,16,fixed16,16.0,209,tl2cgen,209,21,515.653000,499.465000,523.940000
expedia,xgboost,intel,1000,16,fixed16,16.0,209,xgboost_native,209,21,298.104000,293.333000,304.683000
expedia,lightgbm,intel,1000,16,fixed32,32.0,1827,treewalker_fullwalk,1827,11,2261.106000,2211.684000,2323.935000
expedia,lightgbm,intel,1000,16,fixed32,32.0,1827,treewalker,1827,11,1297.872000,1258.930000,1375.639000
expedia,lightgbm,intel,1000,16,fixed32,32.0,1827,lleaves,1827,11,2820.426000,2763.158000,2875.721000
expedia,lightgbm,intel,1000,16,fixed32,32.0,1827,tl2cgen,1827,11,9950.193000,9880.797000,10055.591000
expedia,lightgbm,intel,1000,16,fixed32,32.0,1827,lightgbm_native,1827,11,15928.642000,15859.176000,16169.090000
expedia,xgboost,intel,1000,16,fixed32,32.0,1827,treewalker_fullwalk,1827,21,2195.767000,2151.586000,2238.585000
expedia,xgboost,intel,1000,16,fixed32,32.0,1827,treewalker,1827,21,1157.956000,1133.575000,1184.391000
expedia,xgboost,intel,1000,16,fixed32,32.0,1827,tl2cgen,1827,21,921.127000,904.486000,990.509000
expedia,xgboost,intel,1000,16,fixed32,32.0,1827,xgboost_native,1827,21,292.797000,287.056000,295.634000
expedia,lightgbm,intel,1000,16,geom8,14.2,3241,treewalker_fullwalk,3241,11,1142.915000,888.122000,1376.727000
expedia,lightgbm,intel,1000,16,geom8,14.2,3241,treewalker,3241,11,854.367000,748.411000,984.294000
expedia,lightgbm,intel,1000,16,geom8,14.2,3241,lleaves,3241,11,1584.648000,1312.822000,1819.000000
expedia,lightgbm,intel,1000,16,geom8,14.2,3241,tl2cgen,3241,11,4108.653000,3127.102000,5219.403000
expedia,lightgbm,intel,1000,16,geom8,14.2,3241,lightgbm_native,3241,11,6104.279000,4460.617000,7675.649000
expedia,xgboost,intel,1000,16,geom8,14.2,3241,treewalker_fullwalk,3241,21,1015.292000,659.520000,1263.500000
expedia,xgboost,intel,1000,16,geom8,14.2,3241,treewalker,3241,21,728.172000,568.628000,840.709000
expedia,xgboost,intel,1000,16,geom8,14.2,3241,tl2cgen,3241,21,370.428000,212.089000,478.444000
expedia,xgboost,intel,1000,16,geom8,14.2,3241,xgboost_native,3241,21,292.668000,289.642000,294.674000
expedia,lightgbm,intel,1000,2,empirical,22.7,10000,treewalker_fullwalk,10000,21,122.190000,116.732000,126.434000
expedia,lightgbm,intel,1000,2,empirical,22.7,10000,treewalker,10000,21,40.969000,37.426000,41.993000
expedia,lightgbm,intel,1000,2,empirical,22.7,10000,lleaves,10000,21,112.174000,107.261000,119.461000
expedia,lightgbm,intel,1000,2,empirical,22.7,10000,tl2cgen,10000,21,147.588000,141.783000,153.198000
expedia,lightgbm,intel,1000,2,empirical,22.7,10000,lightgbm_native,10000,21,425.633000,406.729000,446.152000
expedia,lightgbm,intel,1000,2,empirical,22.7,10000,quickscorer,10000,21,16.156000,15.140000,16.718000
expedia,xgboost,intel,1000,2,empirical,22.7,10000,treewalker_fullwalk,10000,21,178.537000,170.266000,186.367000
expedia,xgboost,intel,1000,2,empirical,22.7,10000,treewalker,10000,21,48.794000,45.327000,51.034000
expedia,xgboost,intel,1000,2,empirical,22.7,10000,tl2cgen,10000,21,143.360000,135.244000,148.639000
expedia,xgboost,intel,1000,2,empirical,22.7,10000,xgboost_native,10000,21,292.857000,291.442000,294.773000
expedia,lightgbm,intel,1000,2,fixed8,8.0,216,treewalker_fullwalk,216,21,41.501000,36.908000,43.455000
expedia,lightgbm,intel,1000,2,fixed8,8.0,216,treewalker,216,21,21.370000,18.418000,22.164000
expedia,lightgbm,intel,1000,2,fixed8,8.0,216,lleaves,216,21,41.499000,36.776000,42.499000
expedia,lightgbm,intel,1000,2,fixed8,8.0,216,tl2cgen,216,21,51.057000,43.893000,54.190000
expedia,lightgbm,intel,1000,2,fixed8,8.0,216,lightgbm_native,216,21,146.301000,126.776000,158.722000
expedia,lightgbm,intel,1000,2,fixed8,8.0,216,quickscorer,216,21,5.255000,4.610000,5.488000
expedia,xgboost,intel,1000,2,fixed8,8.0,216,treewalker_fullwalk,216,21,57.832000,53.613000,59.454000
expedia,xgboost,intel,1000,2,fixed8,8.0,216,treewalker,216,21,25.777000,22.572000,27.473000
expedia,xgboost,intel,1000,2,fixed8,8.0,216,tl2cgen,216,21,44.090000,44.070000,46.929000
expedia,xgboost,intel,1000,2,fixed8,8.0,216,xgboost_native,216,21,297.254000,287.540000,314.338000
expedia,lightgbm,intel,1000,2,fixed16,16.0,209,treewalker_fullwalk,209,21,76.826000,75.077000,79.202000
expedia,lightgbm,intel,1000,2,fixed16,16.0,209,treewalker,209,21,30.117000,28.367000,31.566000
expedia,lightgbm,intel,1000,2,fixed16,16.0,209,lleaves,209,21,74.072000,71.086000,77.488000
expedia,lightgbm,intel,1000,2,fixed16,16.0,209,tl2cgen,209,21,95.766000,81.985000,101.458000
expedia,lightgbm,intel,1000,2,fixed16,16.0,209,lightgbm_native,209,21,278.746000,257.583000,293.003000
expedia,lightgbm,intel,1000,2,fixed16,16.0,209,quickscorer,209,21,10.150000,9.679000,10.894000
expedia,xgboost,intel,1000,2,fixed16,16.0,209,treewalker_fullwalk,209,21,112.756000,97.073000,117.520000
expedia,xgboost,intel,1000,2,fixed16,16.0,209,treewalker,209,21,35.771000,31.856000,38.013000
expedia,xgboost,intel,1000,2,fixed16,16.0,209,tl2cgen,209,21,88.114000,76.517000,93.795000
expedia,xgboost,intel,1000,2,fixed16,16.0,209,xgboost_native,209,21,296.716000,273.642000,311.583000
expedia,lightgbm,intel,1000,2,fixed32,32.0,1827,treewalker_fullwalk,1827,21,146.806000,143.621000,148.078000
expedia,lightgbm,intel,1000,2,fixed32,32.0,1827,treewalker,1827,21,44.495000,41.246000,46.230000
expedia,lightgbm,intel,1000,2,fixed32,32.0,1827,lleaves,1827,21,138.537000,134.543000,140.415000
expedia,lightgbm,intel,1000,2,fixed32,32.0,1827,tl2cgen,1827,21,181.164000,176.719000,184.492000
expedia,lightgbm,intel,1000,2,fixed32,32.0,1827,lightgbm_native,1827,21,537.577000,520.427000,546.502000
expedia,lightgbm,intel,1000,2,fixed32,32.0,1827,quickscorer,1827,21,20.863000,18.757000,21.268000
expedia,xgboost,intel,1000,2,fixed32,32.0,1827,treewalker_fullwalk,1827,11,217.845000,206.460000,220.249000
expedia,xgboost,intel,1000,2,fixed32,32.0,1827,treewalker,1827,11,52.117000,51.666000,52.963000
expedia,xgboost,intel,1000,2,fixed32,32.0,1827,tl2cgen,1827,11,176.165000,176.152000,186.126000
expedia,xgboost,intel,1000,2,fixed32,32.0,1827,xgboost_native,1827,11,292.907000,289.725000,294.106000
expedia,lightgbm,intel,1000,2,geom8,14.2,3241,treewalker_fullwalk,3241,21,58.834000,35.269000,76.341000
expedia,lightgbm,intel,1000,2,geom8,14.2,3241,treewalker,3241,21,28.336000,22.731000,31.517000
expedia,lightgbm,intel,1000,2,geom8,14.2,3241,lleaves,3241,21,56.886000,36.169000,71.720000
expedia,lightgbm,intel,1000,2,geom8,14.2,3241,tl2cgen,3241,21,73.739000,44.141000,91.733000
expedia,lightgbm,intel,1000,2,geom8,14.2,3241,lightgbm_native,3241,21,206.706000,123.464000,257.500000
expedia,lightgbm,intel,1000,2,geom8,14.2,3241,quickscorer,3241,21,7.676000,4.374000,9.517000
expedia,xgboost,intel,1000,2,geom8,14.2,3241,treewalker_fullwalk,3241,21,82.159000,49.471000,108.020000
expedia,xgboost,intel,1000,2,geom8,14.2,3241,treewalker,3241,21,34.097000,27.613000,38.983000
expedia,xgboost,intel,1000,2,geom8,14.2,3241,tl2cgen,3241,21,66.102000,38.563000,88.097000
expedia,xgboost,intel,1000,2,geom8,14.2,3241,xgboost_native,3241,21,291.855000,289.242000,295.558000
expedia,lightgbm,intel,1000,4,empirical,22.7,10000,treewalker_fullwalk,10000,21,334.307000,321.394000,343.469000
expedia,lightgbm,intel,1000,4,empirical,22.7,10000,treewalker,10000,21,107.105000,101.274000,108.340000
expedia,lightgbm,intel,1000,4,empirical,22.7,10000,lleaves,10000,21,175.494000,164.085000,182.977000
expedia,lightgbm,intel,1000,4,empirical,22.7,10000,tl2cgen,10000,21,365.483000,346.539000,375.812000
expedia,lightgbm,intel,1000,4,empirical,22.7,10000,lightgbm_native,10000,21,839.684000,806.336000,866.322000
expedia,lightgbm,intel,1000,4,empirical,22.7,10000,quickscorer,10000,21,70.103000,65.843000,73.132000
expedia,xgboost,intel,1000,4,empirical,22.7,10000,treewalker_fullwalk,10000,11,384.387000,372.444000,392.754000
expedia,xgboost,intel,1000,4,empirical,22.7,10000,treewalker,10000,11,110.152000,108.831000,112.841000
expedia,xgboost,intel,1000,4,empirical,22.7,10000,tl2cgen,10000,11,163.163000,162.730000,169.061000
expedia,xgboost,intel,1000,4,empirical,22.7,10000,xgboost_native,10000,11,292.504000,292.031000,293.716000
expedia,lightgbm,intel,1000,4,fixed8,8.0,216,treewalker_fullwalk,216,21,115.457000,111.306000,123.051000
expedia,lightgbm,intel,1000,4,fixed8,8.0,216,treewalker,216,21,70.032000,67.096000,74.287000
expedia,lightgbm,intel,1000,4,fixed8,8.0,216,lleaves,216,21,67.227000,63.837000,71.865000
expedia,lightgbm,intel,1000,4,fixed8,8.0,216,tl2cgen,216,21,135.052000,126.124000,142.035000
expedia,lightgbm,intel,1000,4,fixed8,8.0,216,lightgbm_native,216,21,273.584000,262.943000,284.878000
expedia,lightgbm,intel,1000,4,fixed8,8.0,216,quickscorer,216,21,20.273000,19.182000,23.040000
expedia,xgboost,intel,1000,4,fixed8,8.0,216,treewalker_fullwalk,216,21,124.980000,120.163000,133.526000
expedia,xgboost,intel,1000,4,fixed8,8.0,216,treewalker,216,21,70.549000,67.737000,74.954000
expedia,xgboost,intel,1000,4,fixed8,8.0,216,tl2cgen,216,21,50.212000,50.164000,50.364000
expedia,xgboost,intel,1000,4,fixed8,8.0,216,xgboost_native,216,21,297.332000,292.316000,302.080000
expedia,lightgbm,intel,1000,4,fixed16,16.0,209,treewalker_fullwalk,209,21,214.144000,195.453000,222.113000
expedia,lightgbm,intel,1000,4,fixed16,16.0,209,treewalker,209,21,87.162000,79.188000,91.808000
expedia,lightgbm,intel,1000,4,fixed16,16.0,209,lleaves,209,21,116.647000,100.679000,123.427000
expedia,lightgbm,intel,1000,4,fixed16,16.0,209,tl2cgen,209,21,242.889000,222.558000,258.199000
expedia,lightgbm,intel,1000,4,fixed16,16.0,209,lightgbm_native,209,21,532.192000,493.842000,551.503000
expedia,lightgbm,intel,1000,4,fixed16,16.0,209,quickscorer,209,21,43.032000,39.679000,47.559000
expedia,xgboost,intel,1000,4,fixed16,16.0,209,treewalker_fullwalk,209,21,239.012000,223.907000,246.558000
expedia,xgboost,intel,1000,4,fixed16,16.0,209,treewalker,209,21,92.375000,87.402000,95.999000
expedia,xgboost,intel,1000,4,fixed16,16.0,209,tl2cgen,209,21,100.370000,100.208000,100.775000
expedia,xgboost,intel,1000,4,fixed16,16.0,209,xgboost_native,209,21,297.597000,259.203000,305.464000
expedia,lightgbm,intel,1000,4,fixed32,32.0,1827,treewalker_fullwalk,1827,21,394.890000,389.098000,400.577000
expedia,lightgbm,intel,1000,4,fixed32,32.0,1827,treewalker,1827,21,113.760000,109.004000,117.421000
expedia,lightgbm,intel,1000,4,fixed32,32.0,1827,lleaves,1827,21,208.316000,205.635000,215.696000
expedia,lightgbm,intel,1000,4,fixed32,32.0,1827,tl2cgen,1827,21,435.096000,424.913000,447.403000
expedia,lightgbm,intel,1000,4,fixed32,32.0,1827,lightgbm_native,1827,21,1005.951000,989.919000,1015.669000
expedia,lightgbm,intel,1000,4,fixed32,32.0,1827,quickscorer,1827,21,90.011000,86.692000,93.574000
expedia,xgboost,intel,1000,4,fixed32,32.0,1827,treewalker_fullwalk,1827,14,457.220000,448.509000,460.098000
expedia,xgboost,intel,1000,4,fixed32,32.0,1827,treewalker,1827,14,117.161000,112.164000,120.550000
expedia,xgboost,intel,1000,4,fixed32,32.0,1827,tl2cgen,1827,14,200.460000,200.321000,201.412000
expedia,xgboost,intel,1000,4,fixed32,32.0,1827,xgboost_native,1827,14,293.274000,289.625000,297.659000
expedia,lightgbm,intel,1000,4,geom8,14.2,3241,treewalker_fullwalk,3241,21,164.335000,98.823000,207.400000
expedia,lightgbm,intel,1000,4,geom8,14.2,3241,treewalker,3241,21,81.961000,69.973000,89.864000
expedia,lightgbm,intel,1000,4,geom8,14.2,3241,lleaves,3241,21,90.507000,57.858000,112.349000
expedia,lightgbm,intel,1000,4,geom8,14.2,3241,tl2cgen,3241,21,183.585000,115.140000,234.380000
expedia,lightgbm,intel,1000,4,geom8,14.2,3241,lightgbm_native,3241,21,394.455000,223.612000,485.909000
expedia,lightgbm,intel,1000,4,geom8,14.2,3241,quickscorer,3241,21,31.685000,18.097000,39.282000
expedia,xgboost,intel,1000,4,geom8,14.2,3241,treewalker_fullwalk,3241,21,173.851000,105.473000,233.267000
expedia,xgboost,intel,1000,4,geom8,14.2,3241,treewalker,3241,21,83.570000,71.103000,94.166000
expedia,xgboost,intel,1000,4,geom8,14.2,3241,tl2cgen,3241,21,75.304000,43.906000,100.241000
expedia,xgboost,intel,1000,4,geom8,14.2,3241,xgboost_native,3241,21,292.555000,290.824000,294.880000
expedia,lightgbm,intel,1000,8,empirical,22.7,10000,treewalker_fullwalk,10000,11,694.771000,686.593000,716.305000
expedia,lightgbm,intel,1000,8,empirical,22.7,10000,treewalker,10000,11,264.833000,262.063000,270.428000
expedia,lightgbm,intel,1000,8,empirical,22.7,10000,lleaves,10000,11,508.647000,495.965000,527.311000
expedia,lightgbm,intel,1000,8,empirical,22.7,10000,tl2cgen,10000,11,1477.184000,1439.605000,1499.495000
expedia,lightgbm,intel,1000,8,empirical,22.7,10000,lightgbm_native,10000,11,3481.821000,3371.055000,3622.535000
expedia,xgboost,intel,1000,8,empirical,22.7,10000,treewalker_fullwalk,10000,21,796.063000,759.186000,815.149000
expedia,xgboost,intel,1000,8,empirical,22.7,10000,treewalker,10000,21,283.446000,278.241000,288.771000
expedia,xgboost,intel,1000,8,empirical,22.7,10000,tl2cgen,10000,21,345.147000,324.582000,368.335000
expedia,xgboost,intel,1000,8,empirical,22.7,10000,xgboost_native,10000,21,292.332000,290.656000,294.244000
expedia,lightgbm,intel,1000,8,fixed8,8.0,216,treewalker_fullwalk,216,21,237.841000,223.022000,257.932000
expedia,lightgbm,intel,1000,8,fixed8,8.0,216,treewalker,216,21,158.449000,150.554000,163.974000
expedia,lightgbm,intel,1000,8,fixed8,8.0,216,lleaves,216,21,194.047000,186.119000,209.613000
expedia,lightgbm,intel,1000,8,fixed8,8.0,216,tl2cgen,216,21,517.336000,493.600000,550.973000
expedia,lightgbm,intel,1000,8,fixed8,8.0,216,lightgbm_native,216,21,1094.340000,1052.931000,1115.955000
expedia,xgboost,intel,1000,8,fixed8,8.0,216,treewalker_fullwalk,216,21,262.717000,254.496000,275.650000
expedia,xgboost,intel,1000,8,fixed8,8.0,216,treewalker,216,21,164.679000,153.418000,171.960000
expedia,xgboost,intel,1000,8,fixed8,8.0,216,tl2cgen,216,21,116.574000,115.244000,119.883000
expedia,xgboost,intel,1000,8,fixed8,8.0,216,xgboost_native,216,21,295.882000,292.786000,311.713000
expedia,lightgbm,intel,1000,8,fixed16,16.0,209,treewalker_fullwalk,209,21,442.767000,401.733000,481.628000
expedia,lightgbm,intel,1000,8,fixed16,16.0,209,treewalker,209,21,207.280000,188.705000,226.099000
expedia,lightgbm,intel,1000,8,fixed16,16.0,209,lleaves,209,21,349.644000,318.837000,376.883000
expedia,lightgbm,intel,1000,8,fixed16,16.0,209,tl2cgen,209,21,962.726000,875.279000,1023.339000
expedia,lightgbm,intel,1000,8,fixed16,16.0,209,lightgbm_native,209,21,2157.522000,2125.012000,2200.649000
expedia,xgboost,intel,1000,8,fixed16,16.0,209,treewalker_fullwalk,209,21,503.360000,480.099000,525.891000
expedia,xgboost,intel,1000,8,fixed16,16.0,209,treewalker,209,21,228.371000,217.990000,242.994000
expedia,xgboost,intel,1000,8,fixed16,16.0,209,tl2cgen,209,21,235.225000,205.153000,239.381000
expedia,xgboost,intel,1000,8,fixed16,16.0,209,xgboost_native,209,21,295.988000,263.270000,301.149000
expedia,lightgbm,intel,1000,8,fixed32,32.0,1827,treewalker_fullwalk,1827,11,829.769000,812.070000,841.187000
expedia,lightgbm,intel,1000,8,fixed32,32.0,1827,treewalker,1827,11,300.484000,293.413000,309.098000
expedia,lightgbm,intel,1000,8,fixed32,32.0,1827,lleaves,1827,11,616.487000,607.440000,631.545000
expedia,lightgbm,intel,1000,8,fixed32,32.0,1827,tl2cgen,1827,11,1763.714000,1742.865000,1804.274000
expedia,lightgbm,intel,1000,8,fixed32,32.0,1827,lightgbm_native,1827,11,4282.156000,4250.858000,4315.163000
expedia,xgboost,intel,1000,8,fixed32,32.0,1827,treewalker_fullwalk,1827,21,933.319000,919.446000,949.269000
expedia,xgboost,intel,1000,8,fixed32,32.0,1827,treewalker,1827,21,314.662000,304.485000,321.428000
expedia,xgboost,intel,1000,8,fixed32,32.0,1827,tl2cgen,1827,21,442.551000,406.469000,454.278000
expedia,xgboost,intel,1000,8,fixed32,32.0,1827,xgboost_native,1827,21,292.842000,287.887000,295.555000
expedia,lightgbm,intel,1000,8,geom8,14.2,3241,treewalker_fullwalk,3241,21,342.036000,203.598000,436.851000
expedia,lightgbm,intel,1000,8,geom8,14.2,3241,treewalker,3241,21,187.331000,155.473000,206.579000
expedia,lightgbm,intel,1000,8,geom8,14.2,3241,lleaves,3241,21,279.757000,198.086000,334.879000
expedia,lightgbm,intel,1000,8,geom8,14.2,3241,tl2cgen,3241,21,729.627000,466.562000,938.745000
expedia,lightgbm,intel,1000,8,geom8,14.2,3241,lightgbm_native,3241,21,1606.678000,867.189000,2022.392000
expedia,xgboost,intel,1000,8,geom8,14.2,3241,treewalker_fullwalk,3241,21,377.830000,227.894000,499.817000
expedia,xgboost,intel,1000,8,geom8,14.2,3241,treewalker,3241,21,198.736000,164.531000,227.524000
expedia,xgboost,intel,1000,8,geom8,14.2,3241,tl2cgen,3241,21,163.741000,96.822000,205.669000
expedia,xgboost,intel,1000,8,geom8,14.2,3241,xgboost_native,3241,21,294.002000,290.660000,295.294000
expedia,lightgbm,intel,2000,16,empirical,22.7,10000,treewalker_fullwalk,10000,11,4046.648000,3995.914000,4083.769000
expedia,lightgbm,intel,2000,16,empirical,22.7,10000,treewalker,10000,11,2490.130000,2404.579000,2513.382000
expedia,lightgbm,intel,2000,16,empirical,22.7,10000,lleaves,10000,11,5581.098000,5424.428000,5824.512000
expedia,lightgbm,intel,2000,16,empirical,22.7,10000,tl2cgen,10000,11,21294.876000,20628.490000,21841.260000
expedia,lightgbm,intel,2000,16,empirical,22.7,10000,lightgbm_native,10000,11,25583.237000,24717.536000,26116.182000
expedia,xgboost,intel,2000,16,empirical,22.7,10000,treewalker_fullwalk,10000,11,3573.894000,3557.829000,3660.905000
expedia,xgboost,intel,2000,16,empirical,22.7,10000,treewalker,10000,11,1846.982000,1826.037000,1873.233000
expedia,xgboost,intel,2000,16,empirical,22.7,10000,tl2cgen,10000,11,2242.354000,2163.224000,2273.759000
expedia,xgboost,intel,2000,16,empirical,22.7,10000,xgboost_native,10000,11,292.436000,290.643000,293.400000
expedia,lightgbm,intel,2000,16,fixed8,8.0,216,treewalker_fullwalk,216,21,2197.253000,1931.530000,2303.381000
expedia,lightgbm,intel,2000,16,fixed8,8.0,216,treewalker,216,21,1515.589000,1359.609000,1913.847000
expedia,lightgbm,intel,2000,16,fixed8,8.0,216,lleaves,216,21,3341.196000,3106.232000,3614.679000
expedia,lightgbm,intel,2000,16,fixed8,8.0,216,tl2cgen,216,21,7429.766000,7042.955000,7678.637000
expedia,lightgbm,intel,2000,16,fixed8,8.0,216,lightgbm_native,216,21,8308.122000,7985.712000,8666.723000
expedia,xgboost,intel,2000,16,fixed8,8.0,216,treewalker_fullwalk,216,21,1445.345000,1354.974000,1562.567000
expedia,xgboost,intel,2000,16,fixed8,8.0,216,treewalker,216,21,1154.859000,1090.494000,1217.346000
expedia,xgboost,intel,2000,16,fixed8,8.0,216,tl2cgen,216,21,714.876000,698.924000,760.607000
expedia,xgboost,intel,2000,16,fixed8,8.0,216,xgboost_native,216,21,300.084000,284.609000,307.576000
expedia,lightgbm,intel,2000,16,fixed16,16.0,209,treewalker_fullwalk,209,21,3439.771000,3220.955000,3747.204000
expedia,lightgbm,intel,2000,16,fixed16,16.0,209,treewalker,209,21,2118.872000,2024.763000,2689.480000
expedia,lightgbm,intel,2000,16,fixed16,16.0,209,lleaves,209,21,4933.028000,4786.776000,5203.686000
expedia,lightgbm,intel,2000,16,fixed16,16.0,209,tl2cgen,209,21,13743.450000,13366.188000,14221.898000
expedia,lightgbm,intel,2000,16,fixed16,16.0,209,lightgbm_native,209,21,16295.391000,16034.567000,16672.708000
expedia,xgboost,intel,2000,16,fixed16,16.0,209,treewalker_fullwalk,209,21,2467.968000,2364.348000,2646.946000
expedia,xgboost,intel,2000,16,fixed16,16.0,209,treewalker,209,21,1546.394000,1517.956000,1613.414000
expedia,xgboost,intel,2000,16,fixed16,16.0,209,tl2cgen,209,21,1418.560000,1384.468000,1481.579000
expedia,xgboost,intel,2000,16,fixed16,16.0,209,xgboost_native,209,21,298.855000,270.577000,317.217000
expedia,lightgbm,intel,2000,16,fixed32,32.0,1827,treewalker_fullwalk,1827,11,4645.715000,4535.490000,4726.161000
expedia,lightgbm,intel,2000,16,fixed32,32.0,1827,treewalker,1827,11,2661.132000,2588.130000,2773.413000
expedia,lightgbm,intel,2000,16,fixed32,32.0,1827,lleaves,1827,11,6356.911000,6181.590000,6650.094000
expedia,lightgbm,intel,2000,16,fixed32,32.0,1827,tl2cgen,1827,11,25427.958000,25316.437000,25690.554000
expedia,lightgbm,intel,2000,16,fixed32,32.0,1827,lightgbm_native,1827,11,30918.647000,30707.560000,31312.456000
expedia,xgboost,intel,2000,16,fixed32,32.0,1827,treewalker_fullwalk,1827,11,4148.074000,4082.775000,4236.767000
expedia,xgboost,intel,2000,16,fixed32,32.0,1827,treewalker,1827,11,2037.214000,1986.680000,2071.983000
expedia,xgboost,intel,2000,16,fixed32,32.0,1827,tl2cgen,1827,11,2739.306000,2701.525000,2797.458000
expedia,xgboost,intel,2000,16,fixed32,32.0,1827,xgboost_native,1827,11,292.723000,289.950000,298.154000
expedia,lightgbm,intel,2000,16,geom8,14.2,3241,treewalker_fullwalk,3241,11,2390.277000,1907.481000,2980.672000
expedia,lightgbm,intel,2000,16,geom8,14.2,3241,treewalker,3241,11,1834.320000,1572.466000,2134.911000
expedia,lightgbm,intel,2000,16,geom8,14.2,3241,lleaves,3241,11,3655.873000,2925.310000,4239.079000
expedia,lightgbm,intel,2000,16,geom8,14.2,3241,tl2cgen,3241,11,10574.560000,7555.383000,13114.487000
expedia,lightgbm,intel,2000,16,geom8,14.2,3241,lightgbm_native,3241,11,11743.808000,8857.394000,15109.220000
expedia,xgboost,intel,2000,16,geom8,14.2,3241,treewalker_fullwalk,3241,21,1994.762000,1289.824000,2412.953000
expedia,xgboost,intel,2000,16,geom8,14.2,3241,treewalker,3241,21,1372.981000,1090.655000,1549.342000
expedia,xgboost,intel,2000,16,geom8,14.2,3241,tl2cgen,3241,21,1070.674000,600.015000,1373.211000
expedia,xgboost,intel,2000,16,geom8,14.2,3241,xgboost_native,3241,21,292.262000,290.495000,295.156000
expedia,lightgbm,intel,2000,2,empirical,22.7,10000,treewalker_fullwalk,10000,21,215.986000,205.453000,223.674000
expedia,lightgbm,intel,2000,2,empirical,22.7,10000,treewalker,10000,21,68.050000,65.133000,70.387000
expedia,lightgbm,intel,2000,2,empirical,22.7,10000,lleaves,10000,21,217.773000,211.179000,230.819000
expedia,lightgbm,intel,2000,2,empirical,22.7,10000,tl2cgen,10000,21,398.394000,377.264000,411.006000
expedia,lightgbm,intel,2000,2,empirical,22.7,10000,lightgbm_native,10000,21,1006.906000,947.998000,1046.812000
expedia,lightgbm,intel,2000,2,empirical,22.7,10000,quickscorer,10000,21,25.535000,23.965000,26.549000
expedia,xgboost,intel,2000,2,empirical,22.7,10000,treewalker_fullwalk,10000,12,325.213000,315.978000,331.381000
expedia,xgboost,intel,2000,2,empirical,22.7,10000,treewalker,10000,12,81.680000,79.864000,83.097000
expedia,xgboost,intel,2000,2,empirical,22.7,10000,tl2cgen,10000,12,295.596000,276.383000,296.473000
expedia,xgboost,intel,2000,2,empirical,22.7,10000,xgboost_native,10000,12,292.462000,291.508000,292.736000
expedia,lightgbm,intel,2000,2,fixed8,8.0,216,treewalker_fullwalk,216,21,72.630000,68.851000,74.524000
expedia,lightgbm,intel,2000,2,fixed8,8.0,216,treewalker,216,21,36.962000,33.225000,38.474000
expedia,lightgbm,intel,2000,2,fixed8,8.0,216,lleaves,216,21,80.166000,69.863000,83.209000
expedia,lightgbm,intel,2000,2,fixed8,8.0,216,tl2cgen,216,21,133.612000,115.604000,140.818000
expedia,lightgbm,intel,2000,2,fixed8,8.0,216,lightgbm_native,216,21,331.046000,287.690000,340.818000
expedia,lightgbm,intel,2000,2,fixed8,8.0,216,quickscorer,216,21,7.869000,6.989000,8.365000
expedia,xgboost,intel,2000,2,fixed8,8.0,216,treewalker_fullwalk,216,21,103.402000,89.619000,106.114000
expedia,xgboost,intel,2000,2,fixed8,8.0,216,treewalker,216,21,44.668000,39.361000,47.072000
expedia,xgboost,intel,2000,2,fixed8,8.0,216,tl2cgen,216,21,87.887000,76.323000,87.920000
expedia,xgboost,intel,2000,2,fixed8,8.0,216,xgboost_native,216,21,296.472000,258.940000,303.398000
expedia,lightgbm,intel,2000,2,fixed16,16.0,209,treewalker_fullwalk,209,21,136.223000,132.192000,144.506000
expedia,lightgbm,intel,2000,2,fixed16,16.0,209,treewalker,209,21,50.997000,44.912000,55.156000
expedia,lightgbm,intel,2000,2,fixed16,16.0,209,lleaves,209,21,142.499000,124.228000,151.543000
expedia,lightgbm,intel,2000,2,fixed16,16.0,209,tl2cgen,209,21,252.529000,229.056000,265.444000
expedia,lightgbm,intel,2000,2,fixed16,16.0,209,lightgbm_native,209,21,613.508000,591.609000,647.017000
expedia,lightgbm,intel,2000,2,fixed16,16.0,209,quickscorer,209,21,16.271000,15.107000,17.358000
expedia,xgboost,intel,2000,2,fixed16,16.0,209,treewalker_fullwalk,209,21,200.535000,195.941000,204.097000
expedia,xgboost,intel,2000,2,fixed16,16.0,209,treewalker,209,21,61.808000,52.106000,63.849000
expedia,xgboost,intel,2000,2,fixed16,16.0,209,tl2cgen,209,21,175.717000,175.696000,175.731000
expedia,xgboost,intel,2000,2,fixed16,16.0,209,xgboost_native,209,21,296.574000,290.876000,300.078000
expedia,lightgbm,intel,2000,2,fixed32,32.0,1827,treewalker_fullwalk,1827,21,260.226000,253.042000,266.514000
expedia,lightgbm,intel,2000,2,fixed32,32.0,1827,treewalker,1827,21,74.300000,71.324000,78.836000
expedia,lightgbm,intel,2000,2,fixed32,32.0,1827,lleaves,1827,21,267.712000,263.772000,271.187000
expedia,lightgbm,intel,2000,2,fixed32,32.0,1827,tl2cgen,1827,21,483.574000,471.884000,493.548000
expedia,lightgbm,intel,2000,2,fixed32,32.0,1827,lightgbm_native,1827,21,1213.610000,1188.074000,1227.384000
expedia,lightgbm,intel,2000,2,fixed32,32.0,1827,quickscorer,1827,21,34.298000,33.603000,36.071000
expedia,xgboost,intel,2000,2,fixed32,32.0,1827,treewalker_fullwalk,1827,11,392.521000,389.572000,396.321000
expedia,xgboost,intel,2000,2,fixed32,32.0,1827,treewalker,1827,11,87.046000,86.584000,88.640000
expedia,xgboost,intel,2000,2,fixed32,32.0,1827,tl2cgen,1827,11,351.380000,351.362000,374.019000
expedia,xgboost,intel,2000,2,fixed32,32.0,1827,xgboost_native,1827,11,292.400000,289.397000,302.087000
expedia,lightgbm,intel,2000,2,geom8,14.2,3241,treewalker_fullwalk,3241,21,101.426000,61.451000,130.504000
expedia,lightgbm,intel,2000,2,geom8,14.2,3241,treewalker,3241,21,48.018000,38.462000,52.814000
expedia,lightgbm,intel,2000,2,geom8,14.2,3241,lleaves,3241,21,110.468000,66.235000,133.919000
expedia,lightgbm,intel,2000,2,geom8,14.2,3241,tl2cgen,3241,21,198.185000,120.262000,243.164000
expedia,lightgbm,intel,2000,2,geom8,14.2,3241,lightgbm_native,3241,21,465.878000,269.380000,574.350000
expedia,lightgbm,intel,2000,2,geom8,14.2,3241,quickscorer,3241,21,11.590000,6.893000,14.635000
expedia,xgboost,intel,2000,2,geom8,14.2,3241,treewalker_fullwalk,3241,21,149.771000,86.465000,197.253000
expedia,xgboost,intel,2000,2,geom8,14.2,3241,treewalker,3241,21,57.613000,47.327000,66.233000
expedia,xgboost,intel,2000,2,geom8,14.2,3241,tl2cgen,3241,21,131.827000,76.900000,175.683000
expedia,xgboost,intel,2000,2,geom8,14.2,3241,xgboost_native,3241,21,291.792000,288.839000,296.259000
expedia,lightgbm,intel,2000,4,empirical,22.7,10000,treewalker_fullwalk,10000,11,599.658000,574.064000,613.932000
expedia,lightgbm,intel,2000,4,empirical,22.7,10000,treewalker,10000,11,179.656000,178.754000,185.300000
expedia,lightgbm,intel,2000,4,empirical,22.7,10000,lleaves,10000,11,356.094000,345.974000,366.349000
expedia,lightgbm,intel,2000,4,empirical,22.7,10000,tl2cgen,10000,11,1566.111000,1500.983000,1622.290000
expedia,lightgbm,intel,2000,4,empirical,22.7,10000,lightgbm_native,10000,11,2242.723000,2143.135000,2308.607000
expedia,lightgbm,intel,2000,4,empirical,22.7,10000,quickscorer,10000,11,125.645000,120.203000,131.632000
expedia,xgboost,intel,2000,4,empirical,22.7,10000,treewalker_fullwalk,10000,11,693.229000,670.468000,715.884000
expedia,xgboost,intel,2000,4,empirical,22.7,10000,treewalker,10000,11,185.725000,178.441000,189.040000
expedia,xgboost,intel,2000,4,empirical,22.7,10000,tl2cgen,10000,11,370.675000,359.244000,381.164000
expedia,xgboost,intel,2000,4,empirical,22.7,10000,xgboost_native,10000,11,292.655000,291.040000,293.472000
expedia,lightgbm,intel,2000,4,fixed8,8.0,216,treewalker_fullwalk,216,21,201.704000,185.896000,215.686000
expedia,lightgbm,intel,2000,4,fixed8,8.0,216,treewalker,216,21,120.013000,115.258000,123.849000
expedia,lightgbm,intel,2000,4,fixed8,8.0,216,lleaves,216,21,136.828000,126.201000,146.751000
expedia,lightgbm,intel,2000,4,fixed8,8.0,216,tl2cgen,216,21,544.671000,503.988000,564.878000
expedia,lightgbm,intel,2000,4,fixed8,8.0,216,lightgbm_native,216,21,698.503000,667.054000,718.759000
expedia,lightgbm,intel,2000,4,fixed8,8.0,216,quickscorer,216,21,38.911000,33.515000,41.694000
expedia,xgboost,intel,2000,4,fixed8,8.0,216,treewalker_fullwalk,216,21,226.136000,207.361000,241.732000
expedia,xgboost,intel,2000,4,fixed8,8.0,216,treewalker,216,21,120.114000,106.031000,126.079000
expedia,xgboost,intel,2000,4,fixed8,8.0,216,tl2cgen,216,21,112.853000,112.063000,113.823000
expedia,xgboost,intel,2000,4,fixed8,8.0,216,xgboost_native,216,21,297.563000,259.850000,300.305000
expedia,lightgbm,intel,2000,4,fixed16,16.0,209,treewalker_fullwalk,209,21,374.799000,360.369000,402.956000
expedia,lightgbm,intel,2000,4,fixed16,16.0,209,treewalker,209,21,151.359000,145.622000,161.265000
expedia,lightgbm,intel,2000,4,fixed16,16.0,209,lleaves,209,21,233.271000,202.244000,256.175000
expedia,lightgbm,intel,2000,4,fixed16,16.0,209,tl2cgen,209,21,1014.307000,944.790000,1084.230000
expedia,lightgbm,intel,2000,4,fixed16,16.0,209,lightgbm_native,209,21,1396.665000,1361.658000,1430.793000
expedia,lightgbm,intel,2000,4,fixed16,16.0,209,quickscorer,209,21,79.855000,76.600000,87.427000
expedia,xgboost,intel,2000,4,fixed16,16.0,209,treewalker_fullwalk,209,21,428.237000,407.317000,453.019000
expedia,xgboost,intel,2000,4,fixed16,16.0,209,treewalker,209,21,154.730000,143.177000,169.822000
expedia,xgboost,intel,2000,4,fixed16,16.0,209,tl2cgen,209,21,225.871000,196.150000,227.779000
expedia,xgboost,intel,2000,4,fixed16,16.0,209,xgboost_native,209,21,297.139000,291.597000,315.680000
expedia,lightgbm,intel,2000,4,fixed32,32.0,1827,treewalker_fullwalk,1827,11,708.217000,701.370000,722.298000
expedia,lightgbm,intel,2000,4,fixed32,32.0,1827,treewalker,1827,11,193.572000,187.654000,201.593000
expedia,lightgbm,intel,2000,4,fixed32,32.0,1827,lleaves,1827,11,425.460000,419.895000,429.771000
expedia,lightgbm,intel,2000,4,fixed32,32.0,1827,tl2cgen,1827,11,1922.640000,1883.287000,1942.813000
expedia,lightgbm,intel,2000,4,fixed32,32.0,1827,lightgbm_native,1827,11,2774.811000,2766.962000,2795.810000
expedia,lightgbm,intel,2000,4,fixed32,32.0,1827,quickscorer,1827,11,169.857000,167.935000,172.996000
expedia,xgboost,intel,2000,4,fixed32,32.0,1827,treewalker_fullwalk,1827,11,820.844000,813.786000,836.781000
expedia,xgboost,intel,2000,4,fixed32,32.0,1827,treewalker,1827,11,196.493000,189.406000,200.479000
expedia,xgboost,intel,2000,4,fixed32,32.0,1827,tl2cgen,1827,11,464.622000,449.500000,478.857000
expedia,xgboost,intel,2000,4,fixed32,32.0,1827,xgboost_native,1827,11,292.806000,290.110000,297.708000
expedia,lightgbm,intel,2000,4,geom8,14.2,3241,treewalker_fullwalk,3241,21,283.270000,173.115000,363.794000
expedia,lightgbm,intel,2000,4,geom8,14.2,3241,treewalker,3241,21,141.191000,119.697000,153.700000
expedia,lightgbm,intel,2000,4,geom8,14.2,3241,lleaves,3241,21,180.903000,121.906000,231.533000
expedia,lightgbm,intel,2000,4,geom8,14.2,3241,tl2cgen,3241,21,762.098000,432.762000,1000.695000
expedia,lightgbm,intel,2000,4,geom8,14.2,3241,lightgbm_native,3241,21,1050.237000,579.156000,1321.559000
expedia,lightgbm,intel,2000,4,geom8,14.2,3241,quickscorer,3241,21,53.641000,33.339000,70.073000
expedia,xgboost,intel,2000,4,geom8,14.2,3241,treewalker_fullwalk,3241,21,326.513000,188.691000,411.163000
expedia,xgboost,intel,2000,4,geom8,14.2,3241,treewalker,3241,21,143.400000,124.744000,157.010000
expedia,xgboost,intel,2000,4,geom8,14.2,3241,tl2cgen,3241,21,177.417000,97.509000,224.670000
expedia,xgboost,intel,2000,4,geom8,14.2,3241,xgboost_native,3241,21,291.534000,287.586000,294.928000
expedia,lightgbm,intel,2000,8,empirical,22.7,10000,treewalker_fullwalk,10000,11,1412.739000,1380.828000,1460.580000
expedia,lightgbm,intel,2000,8,empirical,22.7,10000,treewalker,10000,11,557.255000,549.193000,565.282000
expedia,lightgbm,intel,2000,8,empirical,22.7,10000,lleaves,10000,11,1046.579000,1029.462000,1078.186000
expedia,lightgbm,intel,2000,8,empirical,22.7,10000,tl2cgen,10000,11,7013.974000,6724.377000,7195.792000
expedia,lightgbm,intel,2000,8,empirical,22.7,10000,lightgbm_native,10000,11,7517.910000,7262.124000,7744.488000
expedia,xgboost,intel,2000,8,empirical,22.7,10000,treewalker_fullwalk,10000,11,1567.354000,1507.820000,1607.610000
expedia,xgboost,intel,2000,8,empirical,22.7,10000,treewalker,10000,11,575.486000,563.090000,584.154000
expedia,xgboost,intel,2000,8,empirical,22.7,10000,tl2cgen,10000,11,1485.289000,1428.972000,1521.200000
expedia,xgboost,intel,2000,8,empirical,22.7,10000,xgboost_native,10000,11,291.671000,290.953000,294.629000
expedia,lightgbm,intel,2000,8,fixed8,8.0,216,treewalker_fullwalk,216,21,527.560000,495.532000,573.118000
expedia,lightgbm,intel,2000,8,fixed8,8.0,216,treewalker,216,21,337.607000,325.008000,364.758000
expedia,lightgbm,intel,2000,8,fixed8,8.0,216,lleaves,216,21,555.407000,524.819000,576.839000
expedia,lightgbm,intel,2000,8,fixed8,8.0,216,tl2cgen,216,21,2175.030000,2108.944000,2277.586000
expedia,lightgbm,intel,2000,8,fixed8,8.0,216,lightgbm_native,216,21,2300.495000,2261.253000,2354.635000
expedia,xgboost,intel,2000,8,fixed8,8.0,216,treewalker_fullwalk,216,21,564.804000,530.105000,600.279000
expedia,xgboost,intel,2000,8,fixed8,8.0,216,treewalker,216,21,343.999000,323.229000,368.255000
expedia,xgboost,intel,2000,8,fixed8,8.0,216,tl2cgen,216,21,483.220000,458.839000,499.019000
expedia,xgboost,intel,2000,8,fixed8,8.0,216,xgboost_native,216,21,297.884000,287.836000,301.464000
expedia,lightgbm,intel,2000,8,fixed16,16.0,209,treewalker_fullwalk,209,21,955.732000,919.696000,1025.420000
expedia,lightgbm,intel,2000,8,fixed16,16.0,209,treewalker,209,21,463.331000,434.989000,500.708000
expedia,lightgbm,intel,2000,8,fixed16,16.0,209,lleaves,209,21,796.395000,719.355000,832.999000
expedia,lightgbm,intel,2000,8,fixed16,16.0,209,tl2cgen,209,21,4248.658000,4094.074000,4465.171000
expedia,lightgbm,intel,2000,8,fixed16,16.0,209,lightgbm_native,209,21,4603.585000,4511.762000,4713.273000
expedia,xgboost,intel,2000,8,fixed16,16.0,209,treewalker_fullwalk,209,21,1003.957000,933.499000,1085.132000
expedia,xgboost,intel,2000,8,fixed16,16.0,209,treewalker,209,21,467.155000,445.029000,483.345000
expedia,xgboost,intel,2000,8,fixed16,16.0,209,tl2cgen,209,21,936.008000,922.423000,974.175000
expedia,xgboost,intel,2000,8,fixed16,16.0,209,xgboost_native,209,21,297.866000,292.836000,302.206000
expedia,lightgbm,intel,2000,8,fixed32,32.0,1827,treewalker_fullwalk,1827,11,1649.435000,1629.845000,1674.056000
expedia,lightgbm,intel,2000,8,fixed32,32.0,1827,treewalker,1827,11,623.111000,617.562000,641.770000
expedia,lightgbm,intel,2000,8,fixed32,32.0,1827,lleaves,1827,11,1231.156000,1223.725000,1249.344000
expedia,lightgbm,intel,2000,8,fixed32,32.0,1827,tl2cgen,1827,11,8464.187000,8423.464000,8610.737000
expedia,lightgbm,intel,2000,8,fixed32,32.0,1827,lightgbm_native,1827,11,9096.845000,9071.993000,9184.019000
expedia,xgboost,intel,2000,8,fixed32,32.0,1827,treewalker_fullwalk,1827,11,1830.448000,1805.604000,1858.989000
expedia,xgboost,intel,2000,8,fixed32,32.0,1827,treewalker,1827,11,640.318000,631.612000,651.362000
expedia,xgboost,intel,2000,8,fixed32,32.0,1827,tl2cgen,1827,11,1822.639000,1795.770000,1860.989000
expedia,xgboost,intel,2000,8,fixed32,32.0,1827,xgboost_native,1827,11,291.935000,291.215000,297.726000
expedia,lightgbm,intel,2000,8,geom8,14.2,3241,treewalker_fullwalk,3241,12,743.503000,557.536000,921.524000
expedia,lightgbm,intel,2000,8,geom8,14.2,3241,treewalker,3241,12,417.166000,361.546000,448.227000
expedia,lightgbm,intel,2000,8,geom8,14.2,3241,lleaves,3241,12,684.880000,574.935000,760.122000
expedia,lightgbm,intel,2000,8,geom8,14.2,3241,tl2cgen,3241,12,3337.633000,2363.945000,4120.336000
expedia,lightgbm,intel,2000,8,geom8,14.2,3241,lightgbm_native,3241,12,3498.386000,2552.295000,4351.163000
expedia,xgboost,intel,2000,8,geom8,14.2,3241,treewalker_fullwalk,3241,21,812.416000,499.773000,993.090000
expedia,xgboost,intel,2000,8,geom8,14.2,3241,treewalker,3241,21,413.092000,340.191000,466.819000
expedia,xgboost,intel,2000,8,geom8,14.2,3241,tl2cgen,3241,21,684.315000,392.618000,926.155000
expedia,xgboost,intel,2000,8,geom8,14.2,3241,xgboost_native,3241,21,292.239000,289.839000,294.321000
expedia,lightgbm,intel,500,16,empirical,22.7,10000,treewalker_fullwalk,10000,11,1043.914000,1016.021000,1060.392000
expedia,lightgbm,intel,500,16,empirical,22.7,10000,treewalker,10000,11,665.974000,651.938000,682.455000
expedia,lightgbm,intel,500,16,empirical,22.7,10000,lleaves,10000,11,1284.618000,1266.010000,1332.874000
expedia,lightgbm,intel,500,16,empirical,22.7,10000,tl2cgen,10000,11,2831.664000,2744.494000,2921.122000
expedia,lightgbm,intel,500,16,empirical,22.7,10000,lightgbm_native,10000,11,6130.819000,5931.037000,6410.574000
expedia,xgboost,intel,500,16,empirical,22.7,10000,treewalker_fullwalk,10000,19,1042.133000,1006.677000,1065.395000
expedia,xgboost,intel,500,16,empirical,22.7,10000,treewalker,10000,19,619.922000,598.135000,631.105000
expedia,xgboost,intel,500,16,empirical,22.7,10000,tl2cgen,10000,19,211.980000,202.507000,228.131000
expedia,xgboost,intel,500,16,empirical,22.7,10000,xgboost_native,10000,19,292.993000,290.353000,293.868000
expedia,lightgbm,intel,500,16,fixed8,8.0,216,treewalker_fullwalk,216,21,458.451000,421.926000,488.184000
expedia,lightgbm,intel,500,16,fixed8,8.0,216,treewalker,216,21,348.415000,323.532000,409.812000
expedia,lightgbm,intel,500,16,fixed8,8.0,216,lleaves,216,21,698.830000,628.232000,758.094000
expedia,lightgbm,intel,500,16,fixed8,8.0,216,tl2cgen,216,21,1137.616000,1044.639000,1202.063000
expedia,lightgbm,intel,500,16,fixed8,8.0,216,lightgbm_native,216,21,2015.177000,1960.539000,2088.928000
expedia,xgboost,intel,500,16,fixed8,8.0,216,treewalker_fullwalk,216,21,367.034000,346.954000,402.535000
expedia,xgboost,intel,500,16,fixed8,8.0,216,treewalker,216,21,303.550000,269.826000,319.990000
expedia,xgboost,intel,500,16,fixed8,8.0,216,tl2cgen,216,21,75.702000,63.715000,78.814000
expedia,xgboost,intel,500,16,fixed8,8.0,216,xgboost_native,216,21,297.245000,257.915000,311.089000
expedia,lightgbm,intel,500,16,fixed16,16.0,209,treewalker_fullwalk,209,21,847.886000,798.157000,923.579000
expedia,lightgbm,intel,500,16,fixed16,16.0,209,treewalker,209,21,539.474000,494.425000,711.479000
expedia,lightgbm,intel,500,16,fixed16,16.0,209,lleaves,209,21,1211.234000,1091.007000,1280.115000
expedia,lightgbm,intel,500,16,fixed16,16.0,209,tl2cgen,209,21,2093.030000,1994.215000,2315.318000
expedia,lightgbm,intel,500,16,fixed16,16.0,209,lightgbm_native,209,21,4051.107000,3947.378000,4144.394000
expedia,xgboost,intel,500,16,fixed16,16.0,209,treewalker_fullwalk,209,21,693.770000,670.337000,743.112000
expedia,xgboost,intel,500,16,fixed16,16.0,209,treewalker,209,21,483.359000,464.964000,533.104000
expedia,xgboost,intel,500,16,fixed16,16.0,209,tl2cgen,209,21,150.000000,145.240000,154.998000
expedia,xgboost,intel,500,16,fixed16,16.0,209,xgboost_native,209,21,297.652000,293.432000,300.440000
expedia,lightgbm,intel,500,16,fixed32,32.0,1827,treewalker_fullwalk,1827,11,1224.013000,1210.486000,1272.317000
expedia,lightgbm,intel,500,16,fixed32,32.0,1827,treewalker,1827,11,746.120000,741.894000,803.556000
expedia,lightgbm,intel,500,16,fixed32,32.0,1827,lleaves,1827,11,1556.818000,1540.416000,1569.727000
expedia,lightgbm,intel,500,16,fixed32,32.0,1827,tl2cgen,1827,11,3382.844000,3354.361000,3500.584000
expedia,lightgbm,intel,500,16,fixed32,32.0,1827,lightgbm_native,1827,11,7553.026000,7506.001000,7633.113000
expedia,xgboost,intel,500,16,fixed32,32.0,1827,treewalker_fullwalk,1827,21,1195.346000,1164.735000,1213.913000
expedia,xgboost,intel,500,16,fixed32,32.0,1827,treewalker,1827,21,696.764000,683.291000,721.113000
expedia,xgboost,intel,500,16,fixed32,32.0,1827,tl2cgen,1827,21,275.086000,251.929000,282.073000
expedia,xgboost,intel,500,16,fixed32,32.0,1827,xgboost_native,1827,21,293.232000,288.071000,297.308000
expedia,lightgbm,intel,500,16,geom8,14.2,3241,treewalker_fullwalk,3241,17,573.595000,357.860000,706.072000
expedia,lightgbm,intel,500,16,geom8,14.2,3241,treewalker,3241,17,429.702000,316.601000,516.285000
expedia,lightgbm,intel,500,16,geom8,14.2,3241,lleaves,3241,17,772.768000,548.807000,915.227000
expedia,lightgbm,intel,500,16,geom8,14.2,3241,tl2cgen,3241,17,1390.064000,852.886000,1867.641000
expedia,lightgbm,intel,500,16,geom8,14.2,3241,lightgbm_native,3241,17,2752.198000,1532.600000,3577.161000
expedia,xgboost,intel,500,16,geom8,14.2,3241,treewalker_fullwalk,3241,21,531.991000,317.882000,669.798000
expedia,xgboost,intel,500,16,geom8,14.2,3241,treewalker,3241,21,397.822000,288.861000,475.858000
expedia,xgboost,intel,500,16,geom8,14.2,3241,tl2cgen,3241,21,108.578000,58.766000,134.992000
expedia,xgboost,intel,500,16,geom8,14.2,3241,xgboost_native,3241,21,291.942000,288.415000,295.050000
expedia,lightgbm,intel,500,2,empirical,22.7,10000,treewalker_fullwalk,10000,21,71.539000,67.049000,73.717000
expedia,lightgbm,intel,500,2,empirical,22.7,10000,treewalker,10000,21,25.918000,23.622000,26.402000
expedia,lightgbm,intel,500,2,empirical,22.7,10000,lleaves,10000,21,57.143000,51.474000,58.678000
expedia,lightgbm,intel,500,2,empirical,22.7,10000,tl2cgen,10000,21,74.529000,69.315000,77.283000
expedia,lightgbm,intel,500,2,empirical,22.7,10000,lightgbm_native,10000,21,209.132000,195.740000,216.619000
expedia,lightgbm,intel,500,2,empirical,22.7,10000,quickscorer,10000,21,10.554000,9.960000,11.096000
expedia,xgboost,intel,500,2,empirical,22.7,10000,treewalker_fullwalk,10000,11,100.277000,97.284000,104.004000
expedia,xgboost,intel,500,2,empirical,22.7,10000,treewalker,10000,11,31.297000,30.580000,32.135000
expedia,xgboost,intel,500,2,empirical,22.7,10000,tl2cgen,10000,11,71.836000,69.096000,74.589000
expedia,xgboost,intel,500,2,empirical,22.7,10000,xgboost_native,10000,11,292.908000,291.435000,294.349000
expedia,lightgbm,intel,500,2,fixed8,8.0,216,treewalker_fullwalk,216,21,25.002000,23.920000,26.385000
expedia,lightgbm,intel,500,2,fixed8,8.0,216,treewalker,216,21,12.932000,12.264000,13.798000
expedia,lightgbm,intel,500,2,fixed8,8.0,216,lleaves,216,21,20.937000,20.189000,21.955000
expedia,lightgbm,intel,500,2,fixed8,8.0,216,tl2cgen,216,21,26.080000,24.657000,27.199000
expedia,lightgbm,intel,500,2,fixed8,8.0,216,lightgbm_native,216,21,74.971000,71.941000,77.339000
expedia,lightgbm,intel,500,2,fixed8,8.0,216,quickscorer,216,21,3.505000,3.407000,3.850000
expedia,xgboost,intel,500,2,fixed8,8.0,216,treewalker_fullwalk,216,12,32.660000,31.791000,33.869000
expedia,xgboost,intel,500,2,fixed8,8.0,216,treewalker,216,12,15.451000,15.150000,16.028000
expedia,xgboost,intel,500,2,fixed8,8.0,216,tl2cgen,216,12,22.140000,22.134000,22.151000
expedia,xgboost,intel,500,2,fixed8,8.0,216,xgboost_native,216,12,299.855000,295.859000,312.126000
expedia,lightgbm,intel,500,2,fixed16,16.0,209,treewalker_fullwalk,209,21,45.241000,39.160000,46.475000
expedia,lightgbm,intel,500,2,fixed16,16.0,209,treewalker,209,21,18.073000,16.020000,19.077000
expedia,lightgbm,intel,500,2,fixed16,16.0,209,lleaves,209,21,36.732000,32.589000,37.849000
expedia,lightgbm,intel,500,2,fixed16,16.0,209,tl2cgen,209,21,47.862000,42.012000,49.575000
expedia,lightgbm,intel,500,2,fixed16,16.0,209,lightgbm_native,209,21,135.192000,124.183000,144.367000
expedia,lightgbm,intel,500,2,fixed16,16.0,209,quickscorer,209,21,6.626000,5.558000,7.067000
expedia,xgboost,intel,500,2,fixed16,16.0,209,treewalker_fullwalk,209,21,62.825000,54.606000,65.327000
expedia,xgboost,intel,500,2,fixed16,16.0,209,treewalker,209,21,22.128000,19.711000,23.786000
expedia,xgboost,intel,500,2,fixed16,16.0,209,tl2cgen,209,21,44.229000,38.404000,47.070000
expedia,xgboost,intel,500,2,fixed16,16.0,209,xgboost_native,209,21,294.752000,258.065000,308.743000
expedia,lightgbm,intel,500,2,fixed32,32.0,1827,treewalker_fullwalk,1827,21,85.590000,80.507000,87.109000
expedia,lightgbm,intel,500,2,fixed32,32.0,1827,treewalker,1827,21,26.752000,22.975000,28.119000
expedia,lightgbm,intel,500,2,fixed32,32.0,1827,lleaves,1827,21,68.952000,59.908000,69.831000
expedia,lightgbm,intel,500,2,fixed32,32.0,1827,tl2cgen,1827,21,90.204000,78.449000,92.331000
expedia,lightgbm,intel,500,2,fixed32,32.0,1827,lightgbm_native,1827,21,265.214000,261.851000,270.259000
expedia,lightgbm,intel,500,2,fixed32,32.0,1827,quickscorer,1827,21,13.524000,12.620000,14.352000
expedia,xgboost,intel,500,2,fixed32,32.0,1827,treewalker_fullwalk,1827,21,122.620000,112.939000,125.976000
expedia,xgboost,intel,500,2,fixed32,32.0,1827,treewalker,1827,21,32.679000,32.203000,33.496000
expedia,xgboost,intel,500,2,fixed32,32.0,1827,tl2cgen,1827,21,88.410000,88.371000,88.459000
expedia,xgboost,intel,500,2,fixed32,32.0,1827,xgboost_native,1827,21,292.809000,290.465000,296.024000
expedia,lightgbm,intel,500,2,geom8,14.2,3241,treewalker_fullwalk,3241,21,33.868000,21.552000,44.084000
expedia,lightgbm,intel,500,2,geom8,14.2,3241,treewalker,3241,21,18.002000,13.449000,19.765000
expedia,lightgbm,intel,500,2,geom8,14.2,3241,lleaves,3241,21,28.611000,18.269000,35.520000
expedia,lightgbm,intel,500,2,geom8,14.2,3241,tl2cgen,3241,21,36.917000,21.938000,45.802000
expedia,lightgbm,intel,500,2,geom8,14.2,3241,lightgbm_native,3241,21,103.408000,60.866000,128.950000
expedia,lightgbm,intel,500,2,geom8,14.2,3241,quickscorer,3241,21,5.066000,2.949000,6.186000
expedia,xgboost,intel,500,2,geom8,14.2,3241,treewalker_fullwalk,3241,21,48.866000,28.204000,59.498000
expedia,xgboost,intel,500,2,geom8,14.2,3241,treewalker,3241,21,21.387000,16.302000,24.127000
expedia,xgboost,intel,500,2,geom8,14.2,3241,tl2cgen,3241,21,33.198000,19.364000,44.218000
expedia,xgboost,intel,500,2,geom8,14.2,3241,xgboost_native,3241,21,293.098000,289.009000,294.660000
expedia,lightgbm,intel,500,4,empirical,22.7,10000,treewalker_fullwalk,10000,11,189.936000,184.419000,197.673000
expedia,lightgbm,intel,500,4,empirical,22.7,10000,treewalker,10000,11,64.391000,63.167000,65.698000
expedia,lightgbm,intel,500,4,empirical,22.7,10000,lleaves,10000,11,92.624000,91.366000,96.867000
expedia,lightgbm,intel,500,4,empirical,22.7,10000,tl2cgen,10000,11,152.103000,148.531000,157.802000
expedia,lightgbm,intel,500,4,empirical,22.7,10000,lightgbm_native,10000,11,399.780000,386.444000,420.657000
expedia,lightgbm,intel,500,4,empirical,22.7,10000,quickscorer,10000,11,37.481000,36.127000,39.253000
expedia,xgboost,intel,500,4,empirical,22.7,10000,treewalker_fullwalk,10000,17,219.162000,209.776000,223.743000
expedia,xgboost,intel,500,4,empirical,22.7,10000,treewalker,10000,17,67.987000,65.798000,69.211000
expedia,xgboost,intel,500,4,empirical,22.7,10000,tl2cgen,10000,17,81.096000,77.860000,84.063000
expedia,xgboost,intel,500,4,empirical,22.7,10000,xgboost_native,10000,17,292.436000,289.742000,293.980000
expedia,lightgbm,intel,500,4,fixed8,8.0,216,treewalker_fullwalk,216,21,65.249000,55.662000,70.893000
expedia,lightgbm,intel,500,4,fixed8,8.0,216,treewalker,216,21,41.335000,35.530000,44.987000
expedia,lightgbm,intel,500,4,fixed8,8.0,216,lleaves,216,21,35.387000,30.880000,36.659000
expedia,lightgbm,intel,500,4,fixed8,8.0,216,tl2cgen,216,21,56.713000,46.127000,58.979000
expedia,lightgbm,intel,500,4,fixed8,8.0,216,lightgbm_native,216,21,138.493000,119.973000,143.254000
expedia,lightgbm,intel,500,4,fixed8,8.0,216,quickscorer,216,21,12.167000,9.958000,13.162000
expedia,xgboost,intel,500,4,fixed8,8.0,216,treewalker_fullwalk,216,21,70.940000,59.912000,76.504000
expedia,xgboost,intel,500,4,fixed8,8.0,216,treewalker,216,21,42.230000,39.285000,45.547000
expedia,xgboost,intel,500,4,fixed8,8.0,216,tl2cgen,216,21,24.975000,21.722000,25.066000
expedia,xgboost,intel,500,4,fixed8,8.0,216,xgboost_native,216,21,294.918000,263.472000,300.031000
expedia,lightgbm,intel,500,4,fixed16,16.0,209,treewalker_fullwalk,209,21,120.401000,111.498000,126.083000
expedia,lightgbm,intel,500,4,fixed16,16.0,209,treewalker,209,21,53.693000,50.780000,56.614000
expedia,lightgbm,intel,500,4,fixed16,16.0,209,lleaves,209,21,61.563000,57.136000,64.643000
expedia,lightgbm,intel,500,4,fixed16,16.0,209,tl2cgen,209,21,100.513000,93.203000,110.098000
expedia,lightgbm,intel,500,4,fixed16,16.0,209,lightgbm_native,209,21,262.918000,253.366000,271.753000
expedia,lightgbm,intel,500,4,fixed16,16.0,209,quickscorer,209,21,26.347000,21.041000,29.273000
expedia,xgboost,intel,500,4,fixed16,16.0,209,treewalker_fullwalk,209,21,135.918000,128.758000,146.376000
expedia,xgboost,intel,500,4,fixed16,16.0,209,treewalker,209,21,56.072000,53.443000,59.785000
expedia,xgboost,intel,500,4,fixed16,16.0,209,tl2cgen,209,21,49.928000,49.861000,51.563000
expedia,xgboost,intel,500,4,fixed16,16.0,209,xgboost_native,209,21,299.346000,293.932000,310.542000
expedia,lightgbm,intel,500,4,fixed32,32.0,1827,treewalker_fullwalk,1827,21,225.087000,221.328000,231.620000
expedia,lightgbm,intel,500,4,fixed32,32.0,1827,treewalker,1827,21,69.282000,67.521000,74.524000
expedia,lightgbm,intel,500,4,fixed32,32.0,1827,lleaves,1827,21,112.514000,106.712000,116.418000
expedia,lightgbm,intel,500,4,fixed32,32.0,1827,tl2cgen,1827,21,181.803000,177.919000,186.979000
expedia,lightgbm,intel,500,4,fixed32,32.0,1827,lightgbm_native,1827,21,490.311000,484.364000,501.337000
expedia,lightgbm,intel,500,4,fixed32,32.0,1827,quickscorer,1827,21,54.929000,50.513000,56.564000
expedia,xgboost,intel,500,4,fixed32,32.0,1827,treewalker_fullwalk,1827,11,257.330000,255.142000,259.842000
expedia,xgboost,intel,500,4,fixed32,32.0,1827,treewalker,1827,11,72.718000,71.544000,76.313000
expedia,xgboost,intel,500,4,fixed32,32.0,1827,tl2cgen,1827,11,99.634000,99.618000,100.386000
expedia,xgboost,intel,500,4,fixed32,32.0,1827,xgboost_native,1827,11,293.252000,290.150000,306.680000
expedia,lightgbm,intel,500,4,geom8,14.2,3241,treewalker_fullwalk,3241,21,90.713000,55.055000,116.291000
expedia,lightgbm,intel,500,4,geom8,14.2,3241,treewalker,3241,21,49.316000,41.193000,52.400000
expedia,lightgbm,intel,500,4,geom8,14.2,3241,lleaves,3241,21,47.994000,30.086000,59.946000
expedia,lightgbm,intel,500,4,geom8,14.2,3241,tl2cgen,3241,21,78.067000,48.097000,99.185000
expedia,lightgbm,intel,500,4,geom8,14.2,3241,lightgbm_native,3241,21,196.495000,114.587000,242.487000
expedia,lightgbm,intel,500,4,geom8,14.2,3241,quickscorer,3241,21,19.322000,11.996000,24.991000
expedia,xgboost,intel,500,4,geom8,14.2,3241,treewalker_fullwalk,3241,21,100.564000,58.174000,130.055000
expedia,xgboost,intel,500,4,geom8,14.2,3241,treewalker,3241,21,50.890000,42.453000,56.258000
expedia,xgboost,intel,500,4,geom8,14.2,3241,tl2cgen,3241,21,37.384000,21.823000,46.402000
expedia,xgboost,intel,500,4,geom8,14.2,3241,xgboost_native,3241,21,292.278000,289.471000,293.536000
expedia,lightgbm,intel,500,8,empirical,22.7,10000,treewalker_fullwalk,10000,11,371.561000,356.641000,381.300000
expedia,lightgbm,intel,500,8,empirical,22.7,10000,treewalker,10000,11,148.863000,146.727000,151.377000
expedia,lightgbm,intel,500,8,empirical,22.7,10000,lleaves,10000,11,223.984000,219.840000,235.665000
expedia,lightgbm,intel,500,8,empirical,22.7,10000,tl2cgen,10000,11,462.088000,456.473000,472.537000
expedia,lightgbm,intel,500,8,empirical,22.7,10000,lightgbm_native,10000,11,994.601000,960.481000,1036.528000
expedia,xgboost,intel,500,8,empirical,22.7,10000,treewalker_fullwalk,10000,21,419.925000,400.496000,431.465000
expedia,xgboost,intel,500,8,empirical,22.7,10000,treewalker,10000,21,159.173000,154.819000,162.750000
expedia,xgboost,intel,500,8,empirical,22.7,10000,tl2cgen,10000,21,142.214000,136.047000,146.965000
expedia,xgboost,intel,500,8,empirical,22.7,10000,xgboost_native,10000,21,292.032000,290.390000,293.246000
expedia,lightgbm,intel,500,8,fixed8,8.0,216,treewalker_fullwalk,216,21,129.058000,121.747000,132.338000
expedia,lightgbm,intel,500,8,fixed8,8.0,216,treewalker,216,21,87.055000,84.767000,90.615000
expedia,lightgbm,intel,500,8,fixed8,8.0,216,lleaves,216,21,77.327000,74.028000,85.023000
expedia,lightgbm,intel,500,8,fixed8,8.0,216,tl2cgen,216,21,161.447000,135.799000,171.328000
expedia,lightgbm,intel,500,8,fixed8,8.0,216,lightgbm_native,216,21,332.144000,313.333000,345.658000
expedia,xgboost,intel,500,8,fixed8,8.0,216,treewalker_fullwalk,216,21,141.103000,125.365000,152.755000
expedia,xgboost,intel,500,8,fixed8,8.0,216,treewalker,216,21,91.723000,80.743000,96.529000
expedia,xgboost,intel,500,8,fixed8,8.0,216,tl2cgen,216,21,43.649000,38.096000,46.275000
expedia,xgboost,intel,500,8,fixed8,8.0,216,xgboost_native,216,21,298.587000,291.002000,318.038000
expedia,lightgbm,intel,500,8,fixed16,16.0,209,treewalker_fullwalk,209,21,240.394000,232.182000,261.285000
expedia,lightgbm,intel,500,8,fixed16,16.0,209,treewalker,209,21,118.099000,110.893000,128.055000
expedia,lightgbm,intel,500,8,fixed16,16.0,209,lleaves,209,21,147.580000,138.454000,159.296000
expedia,lightgbm,intel,500,8,fixed16,16.0,209,tl2cgen,209,21,305.276000,284.652000,324.236000
expedia,lightgbm,intel,500,8,fixed16,16.0,209,lightgbm_native,209,21,624.886000,590.387000,653.298000
expedia,xgboost,intel,500,8,fixed16,16.0,209,treewalker_fullwalk,209,21,267.803000,245.311000,287.054000
expedia,xgboost,intel,500,8,fixed16,16.0,209,treewalker,209,21,129.714000,121.533000,140.009000
expedia,xgboost,intel,500,8,fixed16,16.0,209,tl2cgen,209,21,87.398000,78.684000,87.669000
expedia,xgboost,intel,500,8,fixed16,16.0,209,xgboost_native,209,21,295.866000,266.080000,315.099000
expedia,lightgbm,intel,500,8,fixed32,32.0,1827,treewalker_fullwalk,1827,11,434.427000,426.802000,439.028000
expedia,lightgbm,intel,500,8,fixed32,32.0,1827,treewalker,1827,11,162.451000,160.141000,167.034000
expedia,lightgbm,intel,500,8,fixed32,32.0,1827,lleaves,1827,11,273.185000,263.387000,278.507000
expedia,lightgbm,intel,500,8,fixed32,32.0,1827,tl2cgen,1827,11,550.901000,541.242000,563.952000
expedia,lightgbm,intel,500,8,fixed32,32.0,1827,lightgbm_native,1827,11,1177.151000,1167.204000,1194.820000
expedia,xgboost,intel,500,8,fixed32,32.0,1827,treewalker_fullwalk,1827,11,492.217000,486.046000,499.875000
expedia,xgboost,intel,500,8,fixed32,32.0,1827,treewalker,1827,11,174.560000,173.975000,178.934000
expedia,xgboost,intel,500,8,fixed32,32.0,1827,tl2cgen,1827,11,174.293000,173.966000,178.291000
expedia,xgboost,intel,500,8,fixed32,32.0,1827,xgboost_native,1827,11,292.773000,286.595000,297.493000
expedia,lightgbm,intel,500,8,geom8,14.2,3241,treewalker_fullwalk,3241,21,175.970000,109.177000,230.548000
expedia,lightgbm,intel,500,8,geom8,14.2,3241,treewalker,3241,21,102.757000,82.641000,117.196000
expedia,lightgbm,intel,500,8,geom8,14.2,3241,lleaves,3241,21,112.626000,70.456000,142.569000
expedia,lightgbm,intel,500,8,geom8,14.2,3241,tl2cgen,3241,21,232.835000,146.123000,290.538000
expedia,lightgbm,intel,500,8,geom8,14.2,3241,lightgbm_native,3241,21,464.056000,271.129000,600.295000
expedia,xgboost,intel,500,8,geom8,14.2,3241,treewalker_fullwalk,3241,21,204.961000,115.757000,257.115000
expedia,xgboost,intel,500,8,geom8,14.2,3241,treewalker,3241,21,111.783000,86.665000,121.571000
expedia,xgboost,intel,500,8,geom8,14.2,3241,tl2cgen,3241,21,65.312000,37.959000,81.718000
expedia,xgboost,intel,500,8,geom8,14.2,3241,xgboost_native,3241,21,292.159000,287.992000,294.764000
expedia,lightgbm,intel,50,16,empirical,22.7,10000,treewalker_fullwalk,10000,11,131.917000,127.726000,133.447000
expedia,lightgbm,intel,50,16,empirical,22.7,10000,treewalker,10000,11,121.510000,116.273000,125.715000
expedia,lightgbm,intel,50,16,empirical,22.7,10000,lleaves,10000,11,176.865000,167.826000,179.630000
expedia,lightgbm,intel,50,16,empirical,22.7,10000,tl2cgen,10000,11,231.058000,228.576000,237.365000
expedia,lightgbm,intel,50,16,empirical,22.7,10000,lightgbm_native,10000,11,331.470000,317.695000,344.092000
expedia,xgboost,intel,50,16,empirical,22.7,10000,treewalker_fullwalk,10000,21,132.830000,128.081000,136.246000
expedia,xgboost,intel,50,16,empirical,22.7,10000,treewalker,10000,21,113.034000,110.554000,117.190000
expedia,xgboost,intel,50,16,empirical,22.7,10000,tl2cgen,10000,21,7.866000,7.018000,8.101000
expedia,xgboost,intel,50,16,empirical,22.7,10000,xgboost_native,10000,21,292.615000,290.969000,293.802000
expedia,lightgbm,intel,50,16,fixed8,8.0,216,treewalker_fullwalk,216,21,44.954000,38.098000,49.886000
expedia,lightgbm,intel,50,16,fixed8,8.0,216,treewalker,216,21,46.360000,40.788000,54.442000
expedia,lightgbm,intel,50,16,fixed8,8.0,216,lleaves,216,21,56.608000,50.172000,64.577000
expedia,lightgbm,intel,50,16,fixed8,8.0,216,tl2cgen,216,21,75.412000,69.088000,80.086000
expedia,lightgbm,intel,50,16,fixed8,8.0,216,lightgbm_native,216,21,110.248000,105.783000,115.923000
expedia,xgboost,intel,50,16,fixed8,8.0,216,treewalker_fullwalk,216,21,44.409000,42.747000,48.860000
expedia,xgboost,intel,50,16,fixed8,8.0,216,treewalker,216,21,45.737000,43.148000,51.643000
expedia,xgboost,intel,50,16,fixed8,8.0,216,tl2cgen,216,21,2.468000,2.444000,2.534000
expedia,xgboost,intel,50,16,fixed8,8.0,216,xgboost_native,216,21,296.522000,292.402000,298.794000
expedia,lightgbm,intel,50,16,fixed16,16.0,209,treewalker_fullwalk,209,21,89.679000,79.888000,106.454000
expedia,lightgbm,intel,50,16,fixed16,16.0,209,treewalker,209,21,88.229000,82.677000,96.250000
expedia,lightgbm,intel,50,16,fixed16,16.0,209,lleaves,209,21,118.937000,106.471000,130.302000
expedia,lightgbm,intel,50,16,fixed16,16.0,209,tl2cgen,209,21,159.612000,144.438000,177.340000
expedia,lightgbm,intel,50,16,fixed16,16.0,209,lightgbm_native,209,21,221.351000,201.381000,237.892000
expedia,xgboost,intel,50,16,fixed16,16.0,209,treewalker_fullwalk,209,21,89.726000,84.896000,94.969000
expedia,xgboost,intel,50,16,fixed16,16.0,209,treewalker,209,21,82.879000,79.974000,91.234000
expedia,xgboost,intel,50,16,fixed16,16.0,209,tl2cgen,209,21,4.857000,4.330000,4.934000
expedia,xgboost,intel,50,16,fixed16,16.0,209,xgboost_native,209,21,295.952000,253.809000,303.516000
expedia,lightgbm,intel,50,16,fixed32,32.0,1827,treewalker_fullwalk,1827,11,151.694000,146.712000,155.367000
expedia,lightgbm,intel,50,16,fixed32,32.0,1827,treewalker,1827,11,141.580000,139.971000,148.750000
expedia,lightgbm,intel,50,16,fixed32,32.0,1827,lleaves,1827,11,217.007000,212.385000,224.862000
expedia,lightgbm,intel,50,16,fixed32,32.0,1827,tl2cgen,1827,11,284.691000,277.597000,293.962000
expedia,lightgbm,intel,50,16,fixed32,32.0,1827,lightgbm_native,1827,11,405.590000,399.414000,413.713000
expedia,xgboost,intel,50,16,fixed32,32.0,1827,treewalker_fullwalk,1827,11,154.271000,150.094000,156.448000
expedia,xgboost,intel,50,16,fixed32,32.0,1827,treewalker,1827,11,132.925000,129.958000,137.076000
expedia,xgboost,intel,50,16,fixed32,32.0,1827,tl2cgen,1827,11,9.617000,9.578000,10.227000
expedia,xgboost,intel,50,16,fixed32,32.0,1827,xgboost_native,1827,11,291.618000,288.361000,296.702000
expedia,lightgbm,intel,50,16,geom8,14.2,3241,treewalker_fullwalk,3241,21,66.623000,36.753000,83.966000
expedia,lightgbm,intel,50,16,geom8,14.2,3241,treewalker,3241,21,70.015000,42.755000,88.016000
expedia,lightgbm,intel,50,16,geom8,14.2,3241,lleaves,3241,21,90.781000,54.907000,111.047000
expedia,lightgbm,intel,50,16,geom8,14.2,3241,tl2cgen,3241,21,120.424000,64.464000,157.975000
expedia,lightgbm,intel,50,16,geom8,14.2,3241,lightgbm_native,3241,21,167.265000,88.398000,200.278000
expedia,xgboost,intel,50,16,geom8,14.2,3241,treewalker_fullwalk,3241,21,65.662000,37.262000,86.641000
expedia,xgboost,intel,50,16,geom8,14.2,3241,treewalker,3241,21,68.071000,41.508000,82.168000
expedia,xgboost,intel,50,16,geom8,14.2,3241,tl2cgen,3241,21,3.657000,2.095000,4.649000
expedia,xgboost,intel,50,16,geom8,14.2,3241,xgboost_native,3241,21,292.818000,290.115000,295.244000
expedia,lightgbm,intel,50,2,empirical,22.7,10000,treewalker_fullwalk,10000,21,11.831000,11.077000,12.211000
expedia,lightgbm,intel,50,2,empirical,22.7,10000,treewalker,10000,21,5.416000,5.073000,5.668000
expedia,lightgbm,intel,50,2,empirical,22.7,10000,lleaves,10000,21,4.882000,4.591000,5.137000
expedia,lightgbm,intel,50,2,empirical,22.7,10000,tl2cgen,10000,21,4.665000,4.414000,4.797000
expedia,lightgbm,intel,50,2,empirical,22.7,10000,lightgbm_native,10000,21,16.309000,14.953000,16.690000
expedia,lightgbm,intel,50,2,empirical,22.7,10000,quickscorer,10000,21,2.453000,2.277000,2.611000
expedia,xgboost,intel,50,2,empirical,22.7,10000,treewalker_fullwalk,10000,21,15.131000,13.687000,15.839000
expedia,xgboost,intel,50,2,empirical,22.7,10000,treewalker,10000,21,6.169000,5.548000,6.458000
expedia,xgboost,intel,50,2,empirical,22.7,10000,tl2cgen,10000,21,7.771000,6.857000,8.333000
expedia,xgboost,intel,50,2,empirical,22.7,10000,xgboost_native,10000,21,292.379000,289.132000,294.375000
expedia,lightgbm,intel,50,2,fixed8,8.0,216,treewalker_fullwalk,216,21,4.362000,4.117000,4.602000
expedia,lightgbm,intel,50,2,fixed8,8.0,216,treewalker,216,21,2.006000,1.848000,2.217000
expedia,lightgbm,intel,50,2,fixed8,8.0,216,lleaves,216,21,1.595000,1.566000,1.643000
expedia,lightgbm,intel,50,2,fixed8,8.0,216,tl2cgen,216,21,1.801000,1.727000,2.048000
expedia,lightgbm,intel,50,2,fixed8,8.0,216,lightgbm_native,216,21,8.918000,8.451000,9.622000
expedia,lightgbm,intel,50,2,fixed8,8.0,216,quickscorer,216,21,0.763000,0.721000,0.789000
expedia,xgboost,intel,50,2,fixed8,8.0,216,treewalker_fullwalk,216,21,4.929000,4.308000,5.216000
expedia,xgboost,intel,50,2,fixed8,8.0,216,treewalker,216,21,2.497000,2.183000,2.696000
expedia,xgboost,intel,50,2,fixed8,8.0,216,tl2cgen,216,21,2.420000,2.095000,2.574000
expedia,xgboost,intel,50,2,fixed8,8.0,216,xgboost_native,216,21,294.127000,254.534000,315.554000
expedia,lightgbm,intel,50,2,fixed16,16.0,209,treewalker_fullwalk,209,21,7.954000,7.723000,8.293000
expedia,lightgbm,intel,50,2,fixed16,16.0,209,treewalker,209,21,3.342000,3.158000,3.458000
expedia,lightgbm,intel,50,2,fixed16,16.0,209,lleaves,209,21,3.158000,3.065000,3.197000
expedia,lightgbm,intel,50,2,fixed16,16.0,209,tl2cgen,209,21,3.533000,3.403000,3.756000
expedia,lightgbm,intel,50,2,fixed16,16.0,209,lightgbm_native,209,21,13.398000,12.932000,14.453000
expedia,lightgbm,intel,50,2,fixed16,16.0,209,quickscorer,209,21,1.593000,1.542000,1.681000
expedia,xgboost,intel,50,2,fixed16,16.0,209,treewalker_fullwalk,209,21,9.820000,8.599000,10.291000
expedia,xgboost,intel,50,2,fixed16,16.0,209,treewalker,209,21,4.162000,3.675000,4.440000
expedia,xgboost,intel,50,2,fixed16,16.0,209,tl2cgen,209,21,4.790000,4.153000,5.100000
expedia,xgboost,intel,50,2,fixed16,16.0,209,xgboost_native,209,21,295.399000,285.850000,314.888000
expedia,lightgbm,intel,50,2,fixed32,32.0,1827,treewalker_fullwalk,1827,21,13.293000,12.002000,13.613000
expedia,lightgbm,intel,50,2,fixed32,32.0,1827,treewalker,1827,21,5.333000,4.634000,5.723000
expedia,lightgbm,intel,50,2,fixed32,32.0,1827,lleaves,1827,21,5.822000,5.049000,5.852000
expedia,lightgbm,intel,50,2,fixed32,32.0,1827,tl2cgen,1827,21,5.585000,4.828000,5.882000
expedia,lightgbm,intel,50,2,fixed32,32.0,1827,lightgbm_native,1827,21,18.592000,16.185000,18.732000
expedia,lightgbm,intel,50,2,fixed32,32.0,1827,quickscorer,1827,21,3.032000,2.656000,3.136000
expedia,xgboost,intel,50,2,fixed32,32.0,1827,treewalker_fullwalk,1827,21,17.915000,17.771000,18.200000
expedia,xgboost,intel,50,2,fixed32,32.0,1827,treewalker,1827,21,6.514000,6.394000,7.239000
expedia,xgboost,intel,50,2,fixed32,32.0,1827,tl2cgen,1827,21,9.513000,9.509000,9.520000
expedia,xgboost,intel,50,2,fixed32,32.0,1827,xgboost_native,1827,21,293.162000,291.070000,296.478000
expedia,lightgbm,intel,50,2,geom8,14.2,3241,treewalker_fullwalk,3241,21,6.314000,3.789000,7.550000
expedia,lightgbm,intel,50,2,geom8,14.2,3241,treewalker,3241,21,3.270000,2.376000,3.818000
expedia,lightgbm,intel,50,2,geom8,14.2,3241,lleaves,3241,21,2.371000,1.332000,2.957000
expedia,lightgbm,intel,50,2,geom8,14.2,3241,tl2cgen,3241,21,2.468000,1.442000,3.034000
expedia,lightgbm,intel,50,2,geom8,14.2,3241,lightgbm_native,3241,21,10.779000,8.008000,12.380000
expedia,lightgbm,intel,50,2,geom8,14.2,3241,quickscorer,3241,21,1.157000,0.633000,1.480000
expedia,xgboost,intel,50,2,geom8,14.2,3241,treewalker_fullwalk,3241,21,7.459000,4.114000,9.490000
expedia,xgboost,intel,50,2,geom8,14.2,3241,treewalker,3241,21,3.653000,2.688000,4.508000
expedia,xgboost,intel,50,2,geom8,14.2,3241,tl2cgen,3241,21,3.600000,1.837000,4.515000
expedia,xgboost,intel,50,2,geom8,14.2,3241,xgboost_native,3241,21,293.145000,290.666000,294.603000
expedia,lightgbm,intel,50,4,empirical,22.7,10000,treewalker_fullwalk,10000,21,30.133000,27.799000,31.420000
expedia,lightgbm,intel,50,4,empirical,22.7,10000,treewalker,10000,21,14.235000,13.087000,14.523000
expedia,lightgbm,intel,50,4,empirical,22.7,10000,lleaves,10000,21,7.765000,7.425000,8.208000
expedia,lightgbm,intel,50,4,empirical,22.7,10000,tl2cgen,10000,21,11.234000,10.160000,11.399000
expedia,lightgbm,intel,50,4,empirical,22.7,10000,lightgbm_native,10000,21,36.200000,33.064000,37.275000
expedia,lightgbm,intel,50,4,empirical,22.7,10000,quickscorer,10000,21,7.615000,6.923000,7.901000
expedia,xgboost,intel,50,4,empirical,22.7,10000,treewalker_fullwalk,10000,21,32.650000,31.447000,33.722000
expedia,xgboost,intel,50,4,empirical,22.7,10000,treewalker,10000,21,15.114000,14.503000,15.600000
expedia,xgboost,intel,50,4,empirical,22.7,10000,tl2cgen,10000,21,7.746000,6.969000,8.037000
expedia,xgboost,intel,50,4,empirical,22.7,10000,xgboost_native,10000,21,291.738000,289.862000,292.861000
expedia,lightgbm,intel,50,4,fixed8,8.0,216,treewalker_fullwalk,216,21,10.307000,9.569000,10.973000
expedia,lightgbm,intel,50,4,fixed8,8.0,216,treewalker,216,21,6.743000,6.411000,7.060000
expedia,lightgbm,intel,50,4,fixed8,8.0,216,lleaves,216,21,3.046000,2.688000,3.238000
expedia,lightgbm,intel,50,4,fixed8,8.0,216,tl2cgen,216,21,4.885000,4.299000,5.470000
expedia,lightgbm,intel,50,4,fixed8,8.0,216,lightgbm_native,216,21,15.726000,15.445000,16.272000
expedia,lightgbm,intel,50,4,fixed8,8.0,216,quickscorer,216,21,2.288000,2.196000,2.682000
expedia,xgboost,intel,50,4,fixed8,8.0,216,treewalker_fullwalk,216,21,10.395000,9.925000,11.053000
expedia,xgboost,intel,50,4,fixed8,8.0,216,treewalker,216,21,6.821000,6.376000,7.318000
expedia,xgboost,intel,50,4,fixed8,8.0,216,tl2cgen,216,21,2.420000,2.410000,2.577000
expedia,xgboost,intel,50,4,fixed8,8.0,216,xgboost_native,216,21,295.502000,279.509000,299.080000
expedia,lightgbm,intel,50,4,fixed16,16.0,209,treewalker_fullwalk,209,21,20.125000,17.085000,22.110000
expedia,lightgbm,intel,50,4,fixed16,16.0,209,treewalker,209,21,11.068000,9.472000,11.623000
expedia,lightgbm,intel,50,4,fixed16,16.0,209,lleaves,209,21,6.010000,5.335000,6.887000
expedia,lightgbm,intel,50,4,fixed16,16.0,209,tl2cgen,209,21,9.542000,8.780000,10.466000
expedia,lightgbm,intel,50,4,fixed16,16.0,209,lightgbm_native,209,21,26.294000,23.909000,28.228000
expedia,lightgbm,intel,50,4,fixed16,16.0,209,quickscorer,209,21,4.812000,4.405000,5.358000
expedia,xgboost,intel,50,4,fixed16,16.0,209,treewalker_fullwalk,209,21,21.654000,19.928000,22.591000
expedia,xgboost,intel,50,4,fixed16,16.0,209,treewalker,209,21,11.566000,11.080000,12.105000
expedia,xgboost,intel,50,4,fixed16,16.0,209,tl2cgen,209,21,4.790000,4.159000,4.793000
expedia,xgboost,intel,50,4,fixed16,16.0,209,xgboost_native,209,21,295.543000,283.953000,314.472000
expedia,lightgbm,intel,50,4,fixed32,32.0,1827,treewalker_fullwalk,1827,21,34.760000,32.792000,35.500000
expedia,lightgbm,intel,50,4,fixed32,32.0,1827,treewalker,1827,21,15.348000,15.118000,15.898000
expedia,lightgbm,intel,50,4,fixed32,32.0,1827,lleaves,1827,21,9.407000,9.156000,9.778000
expedia,lightgbm,intel,50,4,fixed32,32.0,1827,tl2cgen,1827,21,13.111000,12.896000,13.539000
expedia,lightgbm,intel,50,4,fixed32,32.0,1827,lightgbm_native,1827,21,42.376000,38.572000,43.224000
expedia,lightgbm,intel,50,4,fixed32,32.0,1827,quickscorer,1827,21,9.878000,8.739000,10.038000
expedia,xgboost,intel,50,4,fixed32,32.0,1827,treewalker_fullwalk,1827,21,38.359000,36.400000,40.882000
expedia,xgboost,intel,50,4,fixed32,32.0,1827,treewalker,1827,21,17.048000,16.645000,17.958000
expedia,xgboost,intel,50,4,fixed32,32.0,1827,tl2cgen,1827,21,9.518000,9.515000,10.128000
expedia,xgboost,intel,50,4,fixed32,32.0,1827,xgboost_native,1827,21,292.752000,287.127000,294.581000
expedia,lightgbm,intel,50,4,geom8,14.2,3241,treewalker_fullwalk,3241,21,15.354000,8.947000,19.236000
expedia,lightgbm,intel,50,4,geom8,14.2,3241,treewalker,3241,21,9.175000,6.402000,10.868000
expedia,lightgbm,intel,50,4,geom8,14.2,3241,lleaves,3241,21,4.074000,2.660000,5.072000
expedia,lightgbm,intel,50,4,geom8,14.2,3241,tl2cgen,3241,21,5.763000,3.620000,7.264000
expedia,lightgbm,intel,50,4,geom8,14.2,3241,lightgbm_native,3241,21,20.745000,13.505000,25.256000
expedia,lightgbm,intel,50,4,geom8,14.2,3241,quickscorer,3241,21,3.538000,2.042000,4.485000
expedia,xgboost,intel,50,4,geom8,14.2,3241,treewalker_fullwalk,3241,21,16.103000,8.382000,20.826000
expedia,xgboost,intel,50,4,geom8,14.2,3241,treewalker,3241,21,9.388000,6.172000,11.131000
expedia,xgboost,intel,50,4,geom8,14.2,3241,tl2cgen,3241,21,3.605000,1.839000,4.495000
expedia,xgboost,intel,50,4,geom8,14.2,3241,xgboost_native,3241,21,292.638000,287.207000,294.349000
expedia,lightgbm,intel,50,8,empirical,22.7,10000,treewalker_fullwalk,10000,11,61.791000,58.088000,62.852000
expedia,lightgbm,intel,50,8,empirical,22.7,10000,treewalker,10000,11,41.232000,40.798000,42.473000
expedia,lightgbm,intel,50,8,empirical,22.7,10000,lleaves,10000,11,32.114000,31.470000,32.685000
expedia,lightgbm,intel,50,8,empirical,22.7,10000,tl2cgen,10000,11,45.843000,45.442000,47.124000
expedia,lightgbm,intel,50,8,empirical,22.7,10000,lightgbm_native,10000,11,94.189000,91.206000,96.831000
expedia,xgboost,intel,50,8,empirical,22.7,10000,treewalker_fullwalk,10000,21,64.801000,62.334000,67.083000
expedia,xgboost,intel,50,8,empirical,22.7,10000,treewalker,10000,21,41.996000,40.980000,43.157000
expedia,xgboost,intel,50,8,empirical,22.7,10000,tl2cgen,10000,21,7.787000,6.737000,8.276000
expedia,xgboost,intel,50,8,empirical,22.7,10000,xgboost_native,10000,21,292.197000,291.047000,294.048000
expedia,lightgbm,intel,50,8,fixed8,8.0,216,treewalker_fullwalk,216,21,20.988000,18.547000,23.321000
expedia,lightgbm,intel,50,8,fixed8,8.0,216,treewalker,216,21,20.451000,17.633000,22.722000
expedia,lightgbm,intel,50,8,fixed8,8.0,216,lleaves,216,21,11.728000,9.700000,12.287000
expedia,lightgbm,intel,50,8,fixed8,8.0,216,tl2cgen,216,21,16.765000,14.076000,18.194000
expedia,lightgbm,intel,50,8,fixed8,8.0,216,lightgbm_native,216,21,35.017000,30.237000,40.030000
expedia,xgboost,intel,50,8,fixed8,8.0,216,treewalker_fullwalk,216,21,22.098000,18.536000,22.945000
expedia,xgboost,intel,50,8,fixed8,8.0,216,treewalker,216,21,19.854000,17.276000,20.857000
expedia,xgboost,intel,50,8,fixed8,8.0,216,tl2cgen,216,21,2.433000,2.111000,2.592000
expedia,xgboost,intel,50,8,fixed8,8.0,216,xgboost_native,216,21,298.511000,292.913000,315.019000
expedia,lightgbm,intel,50,8,fixed16,16.0,209,treewalker_fullwalk,209,21,41.025000,39.773000,44.010000
expedia,lightgbm,intel,50,8,fixed16,16.0,209,treewalker,209,21,33.250000,30.305000,34.602000
expedia,lightgbm,intel,50,8,fixed16,16.0,209,lleaves,209,21,24.572000,21.796000,27.171000
expedia,lightgbm,intel,50,8,fixed16,16.0,209,tl2cgen,209,21,35.519000,32.899000,40.386000
expedia,lightgbm,intel,50,8,fixed16,16.0,209,lightgbm_native,209,21,64.966000,62.453000,68.524000
expedia,xgboost,intel,50,8,fixed16,16.0,209,treewalker_fullwalk,209,11,42.942000,41.876000,45.222000
expedia,xgboost,intel,50,8,fixed16,16.0,209,treewalker,209,11,32.984000,31.846000,34.229000
expedia,xgboost,intel,50,8,fixed16,16.0,209,tl2cgen,209,11,4.811000,4.800000,4.815000
expedia,xgboost,intel,50,8,fixed16,16.0,209,xgboost_native,209,11,296.151000,292.481000,299.720000
expedia,lightgbm,intel,50,8,fixed32,32.0,1827,treewalker_fullwalk,1827,21,70.772000,69.324000,72.769000
expedia,lightgbm,intel,50,8,fixed32,32.0,1827,treewalker,1827,21,46.498000,44.615000,48.166000
expedia,lightgbm,intel,50,8,fixed32,32.0,1827,lleaves,1827,21,37.027000,35.162000,38.555000
expedia,lightgbm,intel,50,8,fixed32,32.0,1827,tl2cgen,1827,21,53.384000,49.201000,54.664000
expedia,lightgbm,intel,50,8,fixed32,32.0,1827,lightgbm_native,1827,21,112.048000,110.429000,113.443000
expedia,xgboost,intel,50,8,fixed32,32.0,1827,treewalker_fullwalk,1827,12,77.484000,75.454000,77.931000
expedia,xgboost,intel,50,8,fixed32,32.0,1827,treewalker,1827,12,47.848000,45.988000,49.544000
expedia,xgboost,intel,50,8,fixed32,32.0,1827,tl2cgen,1827,12,9.533000,9.530000,9.544000
expedia,xgboost,intel,50,8,fixed32,32.0,1827,xgboost_native,1827,12,292.042000,287.876000,296.194000
expedia,lightgbm,intel,50,8,geom8,14.2,3241,treewalker_fullwalk,3241,21,29.336000,17.533000,38.407000
expedia,lightgbm,intel,50,8,geom8,14.2,3241,treewalker,3241,21,26.893000,17.561000,29.876000
expedia,lightgbm,intel,50,8,geom8,14.2,3241,lleaves,3241,21,15.908000,9.722000,21.562000
expedia,lightgbm,intel,50,8,geom8,14.2,3241,tl2cgen,3241,21,24.561000,12.921000,30.082000
expedia,lightgbm,intel,50,8,geom8,14.2,3241,lightgbm_native,3241,21,50.052000,31.218000,60.731000
expedia,xgboost,intel,50,8,geom8,14.2,3241,treewalker_fullwalk,3241,21,32.726000,18.782000,42.607000
expedia,xgboost,intel,50,8,geom8,14.2,3241,treewalker,3241,21,27.258000,18.487000,31.642000
expedia,xgboost,intel,50,8,geom8,14.2,3241,tl2cgen,3241,21,3.611000,2.002000,4.540000
expedia,xgboost,intel,50,8,geom8,14.2,3241,xgboost_native,3241,21,292.304000,288.689000,294.019000
