dataset,framework,arch,k,G,n_trees,max_depth,evaluator,n_obs,constant_steps,varying_splits,unsplit_skips,recursive_calls,leaf_hits,partition_row_evals,precompute_row_evals
scenario_credit,lightgbm,intel,1,4,500,8,precompute,2000,6682617,529431,467945,61486,1061486,0,8000
scenario_credit,lightgbm,intel,1,4,500,8,trace,2000,6682617,529431,467945,61486,1061486,2011056,0
scenario_credit,lightgbm,intel,1,16,500,8,precompute,2000,6828829,546106,425836,120270,1120270,0,32000
scenario_credit,lightgbm,intel,1,16,500,8,trace,2000,6828829,546106,425836,120270,1120270,8039377,0
scenario_credit,lightgbm,intel,1,128,500,8,precompute,2000,6921112,551700,386743,164957,1164957,0,256000
scenario_credit,lightgbm,intel,1,128,500,8,trace,2000,6921112,551700,386743,164957,1164957,64297143,0
scenario_credit,lightgbm,intel,4,4,500,8,precompute,2000,5677804,2304074,2060146,243928,1243928,0,32000
scenario_credit,lightgbm,intel,4,4,500,8,trace,2000,5677804,2304074,2060146,243928,1243928,8352996,0
scenario_credit,lightgbm,intel,4,16,500,8,precompute,2000,6128214,2483588,1983661,499927,1499927,0,128000
scenario_credit,lightgbm,intel,4,16,500,8,trace,2000,6128214,2483588,1983661,499927,1499927,33392114,0
scenario_credit,lightgbm,intel,4,128,500,8,precompute,2000,6378051,2573717,1879487,694230,1694230,0,1024000
scenario_credit,lightgbm,intel,4,128,500,8,trace,2000,6378051,2573717,1879487,694230,1694230,267124162,0
scenario_credit,lightgbm,intel,8,4,500,8,precompute,2000,4269222,4490628,4087838,402790,1402790,0,64000
scenario_credit,lightgbm,intel,8,4,500,8,trace,2000,4269222,4490628,4087838,402790,1402790,15231551,0
scenario_credit,lightgbm,intel,8,16,500,8,precompute,2000,4803237,5197895,4263619,934276,1934276,0,256000
scenario_credit,lightgbm,intel,8,16,500,8,trace,2000,4803237,5197895,4263619,934276,1934276,60896096,0
scenario_credit,lightgbm,intel,8,128,500,8,precompute,2000,5187682,5734896,4186418,1548478,2548478,0,2048000
scenario_credit,lightgbm,intel,8,128,500,8,trace,2000,5187682,5734896,4186418,1548478,2548478,487099114,0
scenario_credit,lightgbm,intel,1,64,500,8,precompute,2000,6905259,550986,395008,155978,1155978,0,128000
scenario_credit,lightgbm,intel,1,64,500,8,trace,2000,6905259,550986,395008,155978,1155978,32149900,0
scenario_credit,lightgbm,intel,2,4,500,8,precompute,2000,6273128,1210077,1095106,114971,1114971,0,16000
scenario_credit,lightgbm,intel,2,4,500,8,trace,2000,6273128,1210077,1095106,114971,1114971,4591035,0
scenario_credit,lightgbm,intel,2,16,500,8,precompute,2000,6512749,1254114,1029168,224946,1224946,0,64000
scenario_credit,lightgbm,intel,2,16,500,8,trace,2000,6512749,1254114,1029168,224946,1224946,18348197,0
scenario_credit,lightgbm,intel,2,64,500,8,precompute,2000,6626142,1270461,982969,287492,1287492,0,256000
scenario_credit,lightgbm,intel,2,64,500,8,trace,2000,6626142,1270461,982969,287492,1287492,73383968,0
scenario_credit,lightgbm,intel,2,128,500,8,precompute,2000,6651343,1273727,970024,303703,1303703,0,512000
scenario_credit,lightgbm,intel,2,128,500,8,trace,2000,6651343,1273727,970024,303703,1303703,146777841,0
scenario_credit,lightgbm,intel,4,64,500,8,precompute,2000,6332174,2557200,1905729,651471,1651471,0,512000
scenario_credit,lightgbm,intel,4,64,500,8,trace,2000,6332174,2557200,1905729,651471,1651471,133562885,0
scenario_credit,lightgbm,intel,8,64,500,8,precompute,2000,5108948,5622715,4238278,1384437,2384437,0,1024000
scenario_credit,lightgbm,intel,8,64,500,8,trace,2000,5108948,5622715,4238278,1384437,2384437,243551159,0
