dataset,framework,arch,k,G,n_trees,max_depth,n_groups,method,n_obs,iters,median_us,p5_us,p95_us
scenario_credit,lightgbm,intel,1,4,500,8,2000,treewalker_fullwalk,2000,11,31.836000,31.478000,32.955000
scenario_credit,lightgbm,intel,1,4,500,8,2000,treewalker,2000,11,15.915000,15.591000,16.204000
scenario_credit,lightgbm,intel,1,16,500,8,2000,treewalker_fullwalk,2000,11,112.313000,111.430000,115.416000
scenario_credit,lightgbm,intel,1,16,500,8,2000,treewalker,2000,11,20.414000,20.125000,20.899000
scenario_credit,lightgbm,intel,1,128,500,8,2000,treewalker_fullwalk,2000,11,771.840000,769.570000,778.001000
scenario_credit,lightgbm,intel,1,128,500,8,2000,treewalker,2000,11,91.712000,91.327000,92.761000
scenario_credit,lightgbm,intel,4,4,500,8,2000,treewalker_fullwalk,2000,11,35.284000,34.572000,36.512000
scenario_credit,lightgbm,intel,4,4,500,8,2000,treewalker,2000,11,26.639000,26.336000,27.595000
scenario_credit,lightgbm,intel,4,16,500,8,2000,treewalker_fullwalk,2000,11,126.179000,125.627000,128.882000
scenario_credit,lightgbm,intel,4,16,500,8,2000,treewalker,2000,11,37.790000,36.585000,38.305000
scenario_credit,lightgbm,intel,4,128,500,8,2000,treewalker_fullwalk,2000,11,855.243000,852.320000,859.280000
scenario_credit,lightgbm,intel,4,128,500,8,2000,treewalker,2000,11,121.163000,120.600000,122.659000
scenario_credit,lightgbm,intel,8,4,500,8,2000,treewalker_fullwalk,2000,11,37.219000,36.575000,38.236000
scenario_credit,lightgbm,intel,8,4,500,8,2000,treewalker,2000,11,34.643000,33.567000,35.234000
scenario_credit,lightgbm,intel,8,16,500,8,2000,treewalker_fullwalk,2000,11,138.532000,137.054000,140.957000
scenario_credit,lightgbm,intel,8,16,500,8,2000,treewalker,2000,11,52.746000,51.296000,54.313000
scenario_credit,lightgbm,intel,8,128,500,8,2000,treewalker_fullwalk,2000,11,935.640000,930.393000,944.600000
scenario_credit,lightgbm,intel,8,128,500,8,2000,treewalker,2000,11,153.936000,152.642000,157.920000
scenario_credit,lightgbm,intel,1,64,500,8,2000,treewalker_fullwalk,2000,11,393.680000,393.040000,396.160000
scenario_credit,lightgbm,intel,1,64,500,8,2000,treewalker,2000,11,33.015000,32.606000,33.560000
scenario_credit,lightgbm,intel,2,4,500,8,2000,treewalker_fullwalk,2000,11,33.239000,32.675000,34.741000
scenario_credit,lightgbm,intel,2,4,500,8,2000,treewalker,2000,11,19.981000,19.621000,20.537000
scenario_credit,lightgbm,intel,2,16,500,8,2000,treewalker_fullwalk,2000,11,117.258000,116.521000,117.921000
scenario_credit,lightgbm,intel,2,16,500,8,2000,treewalker,2000,11,26.340000,26.010000,26.928000
scenario_credit,lightgbm,intel,2,64,500,8,2000,treewalker_fullwalk,2000,11,409.591000,408.204000,411.519000
scenario_credit,lightgbm,intel,2,64,500,8,2000,treewalker,2000,11,41.124000,40.546000,41.960000
scenario_credit,lightgbm,intel,2,128,500,8,2000,treewalker_fullwalk,2000,11,797.602000,795.798000,800.721000
scenario_credit,lightgbm,intel,2,128,500,8,2000,treewalker,2000,11,102.143000,101.303000,102.771000
scenario_credit,lightgbm,intel,4,64,500,8,2000,treewalker_fullwalk,2000,11,439.480000,436.280000,444.202000
scenario_credit,lightgbm,intel,4,64,500,8,2000,treewalker,2000,11,56.271000,55.207000,57.204000
scenario_credit,lightgbm,intel,8,64,500,8,2000,treewalker_fullwalk,2000,11,484.246000,478.917000,492.004000
scenario_credit,lightgbm,intel,8,64,500,8,2000,treewalker,2000,11,79.663000,79.236000,83.228000
